연도,월,분기,청코드,내외항구분,수출입구분명,시설코드,시설명,부두구분명,아외국구분,적공구분,컨테이너수(10피트),컨테이너수(20피트),컨테이너수(40피트),컨테이너수(기타),전체개수,전체물동량
2024,03,1,신항,외항,수입,6,신항 W 정박지,일반부두,외국선,적컨,0,3,8,0,11,19
2024,04,2,신항,외항,수입,6,신항 W 정박지,일반부두,아국선,적컨,0,9,3,0,12,15
2024,11,4,신항,외항,수입환적,7,신항 U 정박지,일반부두,아국선,공컨,0,1,0,0,1,1
2024,11,4,신항,외항,수입,7,신항 U 정박지,일반부두,아국선,공컨,0,57,2,0,59,61
2024,11,4,신항,외항,수입환적,7,신항 U 정박지,일반부두,아국선,적컨,0,31,100,0,131,231
2024,11,4,신항,외항,수입,7,신항 U 정박지,일반부두,아국선,적컨,0,6,15,0,21,36
2024,03,1,신항,외항,수출환적,8,신항3부두,컨테이너부두,외국선,공컨,0,860,5547,145,6552,12280.25
2024,03,1,신항,외항,수입환적,8,신항3부두,컨테이너부두,외국선,공컨,0,228,6675,251,7154,14142.75
2024,03,1,신항,외항,수출,8,신항3부두,컨테이너부두,외국선,공컨,0,736,3974,13,4723,8713.25
2024,03,1,신항,외항,수입,8,신항3부두,컨테이너부두,외국선,공컨,0,6312,8844,59,15215,24132.75
2024,04,2,신항,외항,수출환적,8,신항3부두,컨테이너부두,외국선,공컨,0,907,2522,163,3592,6317.75
2024,04,2,신항,외항,수입환적,8,신항3부두,컨테이너부두,외국선,공컨,0,556,1366,97,2019,3506.25
2024,04,2,신항,외항,수출,8,신항3부두,컨테이너부두,외국선,공컨,0,938,3537,0,4475,8012
2024,04,2,신항,외항,수입,8,신항3부두,컨테이너부두,외국선,공컨,0,4396,6829,101,11326,18281.25
2024,08,3,신항,외항,수출환적,8,신항3부두,컨테이너부두,외국선,공컨,0,935,1239,78,2252,3588.5
2024,08,3,신항,외항,수입환적,8,신항3부두,컨테이너부두,외국선,공컨,0,663,2065,145,2873,5119.25
2024,08,3,신항,외항,수출,8,신항3부두,컨테이너부두,외국선,공컨,0,538,5206,123,5867,11226.75
2024,08,3,신항,외항,수입,8,신항3부두,컨테이너부두,외국선,공컨,0,4236,5332,6,9574,14913.5
2024,10,4,신항,외항,수출환적,8,신항3부두,컨테이너부두,외국선,공컨,0,237,2305,41,2583,4939.25
2024,10,4,신항,외항,수입환적,8,신항3부두,컨테이너부두,외국선,공컨,0,238,3411,112,3761,7312
2024,10,4,신항,외항,수출,8,신항3부두,컨테이너부두,외국선,공컨,0,1964,1789,60,3813,5677
2024,10,4,신항,외항,수입,8,신항3부두,컨테이너부두,외국선,공컨,0,2430,6856,15,9301,16175.75
2024,02,1,신항,외항,수출환적,8,신항3부두,컨테이너부두,외국선,공컨,0,806,1392,120,2318,3860
2024,02,1,신항,외항,수입환적,8,신항3부두,컨테이너부두,외국선,공컨,0,2191,1495,290,3976,5833.5
2024,02,1,신항,외항,수출,8,신항3부두,컨테이너부두,외국선,공컨,0,1432,1542,106,3080,4754.5
2024,02,1,신항,외항,수입,8,신항3부두,컨테이너부두,외국선,공컨,0,5952,12273,33,18258,30572.25
2024,06,2,신항,외항,수출환적,8,신항3부두,컨테이너부두,외국선,공컨,0,124,1964,0,2088,4052
2024,06,2,신항,외항,수입환적,8,신항3부두,컨테이너부두,외국선,공컨,0,112,532,64,708,1320
2024,06,2,신항,외항,수출,8,신항3부두,컨테이너부두,외국선,공컨,0,562,2495,50,3107,5664.5
2024,06,2,신항,외항,수입,8,신항3부두,컨테이너부두,외국선,공컨,0,4019,6587,1,10607,17195.25
2024,07,3,신항,외항,수출환적,8,신항3부두,컨테이너부두,외국선,공컨,0,636,2206,95,2937,5261.75
2024,11,4,신항,외항,수출환적,8,신항3부두,컨테이너부두,외국선,공컨,0,36,2812,224,3072,6164
2024,11,4,신항,외항,수입환적,8,신항3부두,컨테이너부두,외국선,공컨,0,108,2785,110,3003,5925.5
2024,11,4,신항,외항,수출,8,신항3부두,컨테이너부두,외국선,공컨,0,854,2122,41,3017,5190.25
2024,11,4,신항,외항,수입,8,신항3부두,컨테이너부두,외국선,공컨,0,2411,7966,10,10387,18365.5
2024,07,3,신항,외항,수입환적,8,신항3부두,컨테이너부두,외국선,공컨,0,635,1871,45,2551,4478.25
2024,07,3,신항,외항,수출,8,신항3부두,컨테이너부두,외국선,공컨,0,1764,2315,102,4181,6623.5
2024,07,3,신항,외항,수입,8,신항3부두,컨테이너부두,외국선,공컨,0,4404,6733,5,11142,17881.25
2024,05,2,신항,외항,수출환적,8,신항3부두,컨테이너부두,외국선,공컨,0,130,2259,142,2531,4967.5
2024,05,2,신항,외항,수입환적,8,신항3부두,컨테이너부두,외국선,공컨,0,1,1461,116,1578,3184
2024,05,2,신항,외항,수출,8,신항3부두,컨테이너부두,외국선,공컨,0,779,2682,20,3481,6188
2024,05,2,신항,외항,수입,8,신항3부두,컨테이너부두,외국선,공컨,0,3970,9161,61,13192,22429.25
2024,12,4,신항,외항,수출환적,8,신항3부두,컨테이너부두,외국선,공컨,0,208,1406,10,1624,3042.5
2024,12,4,신항,외항,수입환적,8,신항3부두,컨테이너부두,외국선,공컨,0,393,1029,127,1549,2736.75
2024,09,3,신항,외항,수출환적,8,신항3부두,컨테이너부두,외국선,공컨,0,191,689,24,904,1623
2024,09,3,신항,외항,수입환적,8,신항3부두,컨테이너부두,외국선,공컨,0,415,1674,115,2204,4021.75
2024,09,3,신항,외항,수출,8,신항3부두,컨테이너부두,외국선,공컨,0,1011,2850,0,3861,6711
2024,09,3,신항,외항,수입,8,신항3부두,컨테이너부두,외국선,공컨,0,3928,6753,21,10702,17481.25
2024,12,4,신항,외항,수출,8,신항3부두,컨테이너부두,외국선,공컨,0,1109,1145,21,2275,3446.25
2024,12,4,신항,외항,수입,8,신항3부두,컨테이너부두,외국선,공컨,0,3978,8216,22,12216,20459.5
2024,01,1,신항,외항,수출환적,8,신항3부두,컨테이너부두,외국선,공컨,0,2468,2381,1,4850,7232.25
2024,01,1,신항,외항,수입환적,8,신항3부두,컨테이너부두,외국선,공컨,0,851,1659,23,2533,4220.75
2024,01,1,신항,외항,수출,8,신항3부두,컨테이너부두,외국선,공컨,0,1744,3459,3,5206,8668.75
2024,01,1,신항,외항,수입,8,신항3부두,컨테이너부두,외국선,공컨,0,3684,4737,54,8475,13279.5
2024,03,1,신항,외항,수출환적,8,신항3부두,컨테이너부두,외국선,적컨,0,11476,21358,46,32880,54295.5
2024,03,1,신항,외항,수입환적,8,신항3부두,컨테이너부두,외국선,적컨,0,11906,25284,59,37249,62606.75
2024,03,1,신항,외항,수출,8,신항3부두,컨테이너부두,외국선,적컨,0,9544,13051,39,22634,35733.75
2024,03,1,신항,외항,수입,8,신항3부두,컨테이너부두,외국선,적컨,0,6816,12300,23,19139,31467.75
2024,04,2,신항,외항,수출환적,8,신항3부두,컨테이너부두,외국선,적컨,0,11026,20506,65,31597,52184.25
2024,04,2,신항,외항,수입환적,8,신항3부두,컨테이너부두,외국선,적컨,0,11655,22632,80,34367,57099
2024,04,2,신항,외항,수출,8,신항3부두,컨테이너부두,외국선,적컨,0,9139,11604,6,20749,32360.5
2024,04,2,신항,외항,수입,8,신항3부두,컨테이너부두,외국선,적컨,0,6165,11407,7,17579,28994.75
2024,08,3,신항,외항,수출환적,8,신항3부두,컨테이너부두,외국선,적컨,0,10804,23375,82,34261,57738.5
2024,08,3,신항,외항,수입환적,8,신항3부두,컨테이너부두,외국선,적컨,0,9826,23624,101,33551,57301.25
2024,08,3,신항,외항,수출,8,신항3부두,컨테이너부두,외국선,적컨,0,7668,12269,12,19949,32233
2024,08,3,신항,외항,수입,8,신항3부두,컨테이너부두,외국선,적컨,0,5841,9150,19,15010,24183.75
2024,10,4,신항,외항,수출환적,8,신항3부두,컨테이너부두,외국선,적컨,0,10863,25319,123,36305,61777.75
2024,10,4,신항,외항,수입환적,8,신항3부두,컨테이너부두,외국선,적컨,0,10225,23092,73,33390,56573.25
2024,10,4,신항,외항,수출,8,신항3부두,컨테이너부두,외국선,적컨,0,8213,12502,11,20726,33241.75
2024,10,4,신항,외항,수입,8,신항3부두,컨테이너부두,외국선,적컨,0,6326,10004,14,16344,26365.5
2024,02,1,신항,외항,수출환적,8,신항3부두,컨테이너부두,외국선,적컨,0,9716,20061,98,29875,50058.5
2024,02,1,신항,외항,수입환적,8,신항3부두,컨테이너부두,외국선,적컨,0,7649,19125,67,26841,46049.75
2024,02,1,신항,외항,수출,8,신항3부두,컨테이너부두,외국선,적컨,0,7871,10249,3,18123,28375.75
2024,02,1,신항,외항,수입,8,신항3부두,컨테이너부두,외국선,적컨,0,4277,9103,15,13395,22516.75
2024,05,2,북항,외항,수출환적,8,자성대 부두,컨테이너부두,외국선,적컨,0,5465,5468,0,10933,16401
2024,09,3,북항,외항,수입환적,8,자성대 부두,컨테이너부두,외국선,적컨,0,3811,2529,0,6340,8869
2024,09,3,북항,외항,수출,8,자성대 부두,컨테이너부두,외국선,적컨,0,4058,2967,2,7027,9996.5
2024,09,3,북항,외항,수입,8,자성대 부두,컨테이너부두,외국선,적컨,0,4351,3767,0,8118,11885
2024,09,3,북항,외항,수출환적,8,자성대 부두,컨테이너부두,외국선,적컨,0,2953,2953,0,5906,8859
2024,12,4,북항,외항,수출환적,8,자성대 부두,컨테이너부두,외국선,적컨,0,365,462,0,827,1289
2024,12,4,북항,외항,수입환적,8,자성대 부두,컨테이너부두,외국선,적컨,0,756,526,0,1282,1808
2024,12,4,북항,외항,수출,8,자성대 부두,컨테이너부두,외국선,적컨,0,1007,775,0,1782,2557
2024,12,4,북항,외항,수입,8,자성대 부두,컨테이너부두,외국선,적컨,0,1915,1630,0,3545,5175
2024,01,1,북항,외항,수출환적,8,자성대 부두,컨테이너부두,외국선,적컨,0,7656,5798,0,13454,19252
2024,01,1,북항,외항,수입환적,8,자성대 부두,컨테이너부두,외국선,적컨,0,8462,6867,0,15329,22196
2024,01,1,북항,외항,수출,8,자성대 부두,컨테이너부두,외국선,적컨,0,8024,5837,5,13866,19709.25
2024,01,1,북항,외항,수입,8,자성대 부두,컨테이너부두,외국선,적컨,0,5299,6275,4,11578,17858
2024,05,2,북항,외항,수입환적,8,자성대 부두,컨테이너부두,외국선,적컨,0,8677,6149,0,14826,20975
2024,05,2,북항,외항,수출,8,자성대 부두,컨테이너부두,외국선,적컨,0,7150,5072,14,12236,17325.5
2024,05,2,북항,외항,수입,8,자성대 부두,컨테이너부두,외국선,적컨,0,8310,8175,1,16486,24662.25
2024,03,1,북항,외항,수출환적,8,자성대 부두,컨테이너부두,아국선,공컨,0,16,28,0,44,72
2024,03,1,북항,외항,수입환적,8,자성대 부두,컨테이너부두,아국선,공컨,0,237,81,0,318,399
2024,04,2,북항,외항,수출환적,8,자성대 부두,컨테이너부두,아국선,공컨,0,17,6,0,23,29
2024,04,2,북항,외항,수입환적,8,자성대 부두,컨테이너부두,아국선,공컨,0,76,47,0,123,170
2024,04,2,북항,외항,수출,8,자성대 부두,컨테이너부두,아국선,공컨,0,750,1977,35,2762,4782.75
2024,04,2,북항,외항,수입,8,자성대 부두,컨테이너부두,아국선,공컨,0,2698,1118,30,3846,5001.5
2024,03,1,북항,외항,수출,8,자성대 부두,컨테이너부두,아국선,공컨,0,432,1515,35,1982,3540.75
2024,03,1,북항,외항,수입,8,자성대 부두,컨테이너부두,아국선,공컨,0,2499,1019,55,3573,4660.75
2024,08,3,북항,외항,수출환적,8,자성대 부두,컨테이너부두,아국선,공컨,0,16,70,0,86,156
2024,08,3,북항,외항,수입환적,8,자성대 부두,컨테이너부두,아국선,공컨,0,365,84,0,449,533
2024,08,3,북항,외항,수출,8,자성대 부두,컨테이너부두,아국선,공컨,0,2267,1765,42,4074,5891.5
2024,08,3,북항,외항,수입,8,자성대 부두,컨테이너부두,아국선,공컨,0,1519,741,12,2272,3028
2024,10,4,북항,외항,수출환적,8,자성대 부두,컨테이너부두,아국선,공컨,0,3,12,0,15,27
2024,10,4,북항,외항,수입환적,8,자성대 부두,컨테이너부두,아국선,공컨,0,57,8,0,65,73
2024,10,4,북항,외항,수출,8,자성대 부두,컨테이너부두,아국선,공컨,0,414,264,0,678,942
2024,10,4,북항,외항,수입,8,자성대 부두,컨테이너부두,아국선,공컨,0,1306,586,0,1892,2478
2024,02,1,북항,외항,수출환적,8,자성대 부두,컨테이너부두,아국선,공컨,0,4,29,0,33,62
2024,02,1,북항,외항,수입환적,8,자성대 부두,컨테이너부두,아국선,공컨,0,237,160,20,417,602
2024,02,1,북항,외항,수출,8,자성대 부두,컨테이너부두,아국선,공컨,0,603,1600,6,2209,3816.5
2024,02,1,북항,외항,수입,8,자성대 부두,컨테이너부두,아국선,공컨,0,1931,1012,7,2950,3970.75
2024,06,2,북항,외항,수출환적,8,자성대 부두,컨테이너부두,아국선,공컨,0,3,141,0,144,285
2024,06,2,북항,외항,수입환적,8,자성대 부두,컨테이너부두,아국선,공컨,0,288,297,0,585,882
2024,06,2,북항,외항,수출,8,자성대 부두,컨테이너부두,아국선,공컨,0,689,1905,60,2654,4634
2024,06,2,북항,외항,수입,8,자성대 부두,컨테이너부두,아국선,공컨,0,2829,1363,55,4247,5678.75
2024,11,4,북항,외항,수출환적,8,자성대 부두,컨테이너부두,아국선,공컨,0,11,0,0,11,11
2024,11,4,북항,외항,수입환적,8,자성대 부두,컨테이너부두,아국선,공컨,0,150,100,0,250,350
2024,07,3,북항,외항,수출환적,8,자성대 부두,컨테이너부두,아국선,공컨,0,18,29,0,47,76
2024,07,3,북항,외항,수입환적,8,자성대 부두,컨테이너부두,아국선,공컨,0,264,80,0,344,424
2024,07,3,북항,외항,수출,8,자성대 부두,컨테이너부두,아국선,공컨,0,1551,2161,76,3788,6036
2024,07,3,북항,외항,수입,8,자성대 부두,컨테이너부두,아국선,공컨,0,3473,1512,54,5039,6618.5
2024,11,4,북항,외항,수출,8,자성대 부두,컨테이너부두,아국선,공컨,0,223,362,0,585,947
2024,11,4,북항,외항,수입,8,자성대 부두,컨테이너부두,아국선,공컨,0,997,573,0,1570,2143
2024,05,2,북항,외항,수출환적,8,자성대 부두,컨테이너부두,아국선,공컨,0,7,1,0,8,9
2024,09,3,북항,외항,수입환적,8,자성대 부두,컨테이너부두,아국선,공컨,0,239,103,0,342,445
2024,09,3,북항,외항,수출,8,자성대 부두,컨테이너부두,아국선,공컨,0,236,318,0,554,872
2024,09,3,북항,외항,수입,8,자성대 부두,컨테이너부두,아국선,공컨,0,698,499,0,1197,1696
2024,09,3,북항,외항,수출환적,8,자성대 부두,컨테이너부두,아국선,공컨,0,5,0,0,5,5
2024,12,4,북항,외항,수출환적,8,자성대 부두,컨테이너부두,아국선,공컨,0,2,7,0,9,16
2024,12,4,북항,외항,수입환적,8,자성대 부두,컨테이너부두,아국선,공컨,0,23,42,0,65,107
2024,12,4,북항,외항,수출,8,자성대 부두,컨테이너부두,아국선,공컨,0,276,272,0,548,820
2024,12,4,북항,외항,수입,8,자성대 부두,컨테이너부두,아국선,공컨,0,490,295,0,785,1080
2024,01,1,북항,외항,수출환적,8,자성대 부두,컨테이너부두,아국선,공컨,0,48,181,0,229,410
2024,01,1,북항,외항,수입환적,8,자성대 부두,컨테이너부두,아국선,공컨,0,81,101,0,182,283
2024,01,1,북항,외항,수출,8,자성대 부두,컨테이너부두,아국선,공컨,0,1245,1606,10,2861,4479.5
2024,01,1,북항,외항,수입,8,자성대 부두,컨테이너부두,아국선,공컨,0,1387,954,66,2407,3443.5
2024,05,2,북항,외항,수입환적,8,자성대 부두,컨테이너부두,아국선,공컨,0,255,70,0,325,395
2024,05,2,북항,외항,수출,8,자성대 부두,컨테이너부두,아국선,공컨,0,488,1585,25,2098,3714.25
2024,05,2,북항,외항,수입,8,자성대 부두,컨테이너부두,아국선,공컨,0,3078,1053,43,4174,5280.75
2024,03,1,북항,외항,수출환적,8,자성대 부두,컨테이너부두,아국선,적컨,0,5986,4901,0,10887,15788
2024,03,1,북항,외항,수입환적,8,자성대 부두,컨테이너부두,아국선,적컨,0,5176,3932,0,9108,13040
2024,04,2,북항,외항,수출환적,8,자성대 부두,컨테이너부두,아국선,적컨,0,5236,4216,0,9452,13668
2024,04,2,북항,외항,수입환적,8,자성대 부두,컨테이너부두,아국선,적컨,0,5304,4769,0,10073,14842
2024,04,2,북항,외항,수출,8,자성대 부두,컨테이너부두,아국선,적컨,0,4268,3130,11,7409,10552.75
2024,04,2,북항,외항,수입,8,자성대 부두,컨테이너부두,아국선,적컨,0,3247,3168,1,6416,9585.25
2024,03,1,북항,외항,수출,8,자성대 부두,컨테이너부두,아국선,적컨,0,5018,3270,6,8294,11571.5
2024,03,1,북항,외항,수입,8,자성대 부두,컨테이너부두,아국선,적컨,0,3562,3403,0,6965,10368
2024,08,3,북항,외항,수출환적,8,자성대 부두,컨테이너부두,아국선,적컨,0,5745,3927,0,9672,13599
2024,08,3,북항,외항,수입환적,8,자성대 부두,컨테이너부두,아국선,적컨,0,5239,3523,0,8762,12285
2024,03,1,신항,외항,수입,5,신항다목적부두,컨테이너부두,아국선,공컨,0,279,463,0,742,1205
2024,04,2,신항,외항,수출,5,신항다목적부두,컨테이너부두,아국선,공컨,0,296,20,0,316,336
2024,04,2,신항,외항,수입,5,신항다목적부두,컨테이너부두,아국선,공컨,0,149,273,0,422,695
2024,08,3,신항,외항,수출,5,신항다목적부두,컨테이너부두,아국선,공컨,0,0,20,0,20,40
2024,08,3,신항,외항,수입,5,신항다목적부두,컨테이너부두,아국선,공컨,0,119,203,0,322,525
2024,10,4,신항,외항,수출,5,신항다목적부두,컨테이너부두,아국선,공컨,0,7,120,0,127,247
2024,10,4,신항,외항,수입,5,신항다목적부두,컨테이너부두,아국선,공컨,0,155,195,0,350,545
2024,02,1,신항,외항,수출,5,신항다목적부두,컨테이너부두,아국선,공컨,0,20,26,0,46,72
2024,02,1,신항,외항,수입,5,신항다목적부두,컨테이너부두,아국선,공컨,0,161,205,0,366,571
2024,06,2,신항,외항,수출,5,신항다목적부두,컨테이너부두,아국선,공컨,0,0,11,0,11,22
2024,06,2,신항,외항,수입,5,신항다목적부두,컨테이너부두,아국선,공컨,0,174,226,0,400,626
2024,11,4,신항,외항,수출,5,신항다목적부두,컨테이너부두,아국선,공컨,0,1,95,0,96,191
2024,11,4,신항,외항,수입,5,신항다목적부두,컨테이너부두,아국선,공컨,0,101,267,0,368,635
2024,07,3,신항,외항,수출,5,신항다목적부두,컨테이너부두,아국선,공컨,0,0,7,0,7,14
2024,07,3,신항,외항,수입,5,신항다목적부두,컨테이너부두,아국선,공컨,0,368,144,0,512,656
2024,05,2,신항,외항,수출,5,신항다목적부두,컨테이너부두,아국선,공컨,0,258,70,0,328,398
2024,05,2,신항,외항,수입,5,신항다목적부두,컨테이너부두,아국선,공컨,0,298,282,0,580,862
2024,09,3,신항,외항,수출,5,신항다목적부두,컨테이너부두,아국선,공컨,0,0,81,0,81,162
2024,09,3,신항,외항,수입,5,신항다목적부두,컨테이너부두,아국선,공컨,0,114,287,0,401,688
2024,12,4,신항,외항,수출,5,신항다목적부두,컨테이너부두,아국선,공컨,0,1,31,0,32,63
2024,12,4,신항,외항,수입,5,신항다목적부두,컨테이너부두,아국선,공컨,0,73,269,0,342,611
2024,01,1,신항,외항,수출,5,신항다목적부두,컨테이너부두,아국선,공컨,0,41,37,0,78,115
2024,01,1,신항,외항,수입,5,신항다목적부두,컨테이너부두,아국선,공컨,0,239,246,0,485,731
2024,03,1,신항,외항,수출환적,5,신항다목적부두,컨테이너부두,아국선,적컨,0,10,64,0,74,138
2024,03,1,신항,외항,수입환적,5,신항다목적부두,컨테이너부두,아국선,적컨,0,61,130,0,191,321
2024,03,1,신항,외항,수출,5,신항다목적부두,컨테이너부두,아국선,적컨,0,273,400,0,673,1073
2024,03,1,신항,외항,수입,5,신항다목적부두,컨테이너부두,아국선,적컨,0,398,161,0,559,720
2024,04,2,신항,외항,수출환적,5,신항다목적부두,컨테이너부두,아국선,적컨,0,7,24,0,31,55
2024,04,2,신항,외항,수입환적,5,신항다목적부두,컨테이너부두,아국선,적컨,0,55,179,0,234,413
2024,04,2,신항,외항,수출,5,신항다목적부두,컨테이너부두,아국선,적컨,0,267,297,0,564,861
2024,04,2,신항,외항,수입,5,신항다목적부두,컨테이너부두,아국선,적컨,0,382,150,0,532,682
2024,08,3,신항,외항,수출환적,5,신항다목적부두,컨테이너부두,아국선,적컨,0,3,19,0,22,41
2024,08,3,신항,외항,수입환적,5,신항다목적부두,컨테이너부두,아국선,적컨,0,42,80,0,122,202
2024,08,3,신항,외항,수출,5,신항다목적부두,컨테이너부두,아국선,적컨,0,219,248,0,467,715
2024,08,3,신항,외항,수입,5,신항다목적부두,컨테이너부두,아국선,적컨,0,73,169,0,242,411
2024,10,4,신항,외항,수출환적,5,신항다목적부두,컨테이너부두,아국선,적컨,0,27,55,0,82,137
2024,10,4,신항,외항,수입환적,5,신항다목적부두,컨테이너부두,아국선,적컨,0,1,56,0,57,113
2024,10,4,신항,외항,수출,5,신항다목적부두,컨테이너부두,아국선,적컨,0,209,273,0,482,755
2024,10,4,신항,외항,수입,5,신항다목적부두,컨테이너부두,아국선,적컨,0,68,252,0,320,572
2024,02,1,신항,외항,수출환적,5,신항다목적부두,컨테이너부두,아국선,적컨,0,13,11,0,24,35
2024,02,1,신항,외항,수입환적,5,신항다목적부두,컨테이너부두,아국선,적컨,0,19,82,0,101,183
2024,02,1,신항,외항,수출,5,신항다목적부두,컨테이너부두,아국선,적컨,0,215,244,0,459,703
2024,02,1,신항,외항,수입,5,신항다목적부두,컨테이너부두,아국선,적컨,0,525,115,0,640,755
2024,06,2,신항,외항,수출환적,5,신항다목적부두,컨테이너부두,아국선,적컨,0,9,15,0,24,39
2024,06,2,신항,외항,수입환적,5,신항다목적부두,컨테이너부두,아국선,적컨,0,0,25,0,25,50
2024,06,2,신항,외항,수출,5,신항다목적부두,컨테이너부두,아국선,적컨,0,298,200,0,498,698
2024,06,2,신항,외항,수입,5,신항다목적부두,컨테이너부두,아국선,적컨,0,59,150,0,209,359
2024,07,3,신항,외항,수출환적,5,신항다목적부두,컨테이너부두,아국선,적컨,0,6,15,0,21,36
2024,11,4,신항,외항,수출환적,5,신항다목적부두,컨테이너부두,아국선,적컨,0,4,24,0,28,52
2024,11,4,신항,외항,수입환적,5,신항다목적부두,컨테이너부두,아국선,적컨,0,5,65,0,70,135
2024,11,4,신항,외항,수출,5,신항다목적부두,컨테이너부두,아국선,적컨,0,205,357,0,562,919
2024,11,4,신항,외항,수입,5,신항다목적부두,컨테이너부두,아국선,적컨,0,57,248,0,305,553
2024,07,3,신항,외항,수입환적,5,신항다목적부두,컨테이너부두,아국선,적컨,0,0,58,0,58,116
2024,07,3,신항,외항,수출,5,신항다목적부두,컨테이너부두,아국선,적컨,0,330,333,0,663,996
2024,07,3,신항,외항,수입,5,신항다목적부두,컨테이너부두,아국선,적컨,0,53,134,0,187,321
2024,05,2,신항,외항,수출환적,5,신항다목적부두,컨테이너부두,아국선,적컨,0,10,40,0,50,90
2024,05,2,신항,외항,수입환적,5,신항다목적부두,컨테이너부두,아국선,적컨,0,16,99,0,115,214
2024,05,2,신항,외항,수출,5,신항다목적부두,컨테이너부두,아국선,적컨,0,315,261,0,576,837
2024,05,2,신항,외항,수입,5,신항다목적부두,컨테이너부두,아국선,적컨,0,471,167,0,638,805
2024,12,4,신항,외항,수출환적,5,신항다목적부두,컨테이너부두,아국선,적컨,0,21,34,0,55,89
2024,12,4,신항,외항,수입환적,5,신항다목적부두,컨테이너부두,아국선,적컨,0,0,52,0,52,104
2024,09,3,신항,외항,수출환적,5,신항다목적부두,컨테이너부두,아국선,적컨,0,33,42,0,75,117
2024,09,3,신항,외항,수입환적,5,신항다목적부두,컨테이너부두,아국선,적컨,0,16,79,0,95,174
2024,09,3,신항,외항,수출,5,신항다목적부두,컨테이너부두,아국선,적컨,0,348,432,0,780,1212
2024,09,3,신항,외항,수입,5,신항다목적부두,컨테이너부두,아국선,적컨,0,71,183,0,254,437
2024,12,4,신항,외항,수출,5,신항다목적부두,컨테이너부두,아국선,적컨,0,263,232,0,495,727
2024,12,4,신항,외항,수입,5,신항다목적부두,컨테이너부두,아국선,적컨,0,72,177,0,249,426
2024,01,1,신항,외항,수출환적,5,신항다목적부두,컨테이너부두,아국선,적컨,0,14,12,0,26,38
2024,01,1,신항,외항,수입환적,5,신항다목적부두,컨테이너부두,아국선,적컨,0,5,15,0,20,35
2024,01,1,신항,외항,수출,5,신항다목적부두,컨테이너부두,아국선,적컨,0,240,318,0,558,876
2024,01,1,신항,외항,수입,5,신항다목적부두,컨테이너부두,아국선,적컨,0,448,124,0,572,696
2024,06,2,신항,외항,수출환적,8,신항3부두,컨테이너부두,외국선,적컨,0,10773,24590,88,35451,60151
2024,06,2,신항,외항,수입환적,8,신항3부두,컨테이너부두,외국선,적컨,0,9693,24195,112,34000,58335
2024,06,2,신항,외항,수출,8,신항3부두,컨테이너부두,외국선,적컨,0,7838,11958,5,19801,31765.25
2024,06,2,신항,외항,수입,8,신항3부두,컨테이너부두,외국선,적컨,0,5785,8156,6,13947,22110.5
2024,07,3,신항,외항,수출환적,8,신항3부두,컨테이너부두,외국선,적컨,0,12449,26651,140,39240,66066
2024,11,4,신항,외항,수출환적,8,신항3부두,컨테이너부두,외국선,적컨,0,10619,24714,133,35466,60346.25
2024,11,4,신항,외항,수입환적,8,신항3부두,컨테이너부두,외국선,적컨,0,10797,25025,101,35923,61074.25
2024,11,4,신항,외항,수출,8,신항3부두,컨테이너부두,외국선,적컨,0,8036,12977,15,21028,34023.75
2024,11,4,신항,외항,수입,8,신항3부두,컨테이너부두,외국선,적컨,0,5198,9212,10,14420,23644.5
2024,07,3,신항,외항,수입환적,8,신항3부두,컨테이너부두,외국선,적컨,0,12972,29090,141,42203,71469.25
2024,07,3,신항,외항,수출,8,신항3부두,컨테이너부두,외국선,적컨,0,8414,15217,5,23636,38859.25
2024,07,3,신항,외항,수입,8,신항3부두,컨테이너부두,외국선,적컨,0,7451,12996,14,20461,33474.5
2024,05,2,신항,외항,수출환적,8,신항3부두,컨테이너부두,외국선,적컨,0,11997,25850,112,37959,63949
2024,05,2,신항,외항,수입환적,8,신항3부두,컨테이너부두,외국선,적컨,0,10003,24488,85,34576,59170.25
2024,05,2,신항,외항,수출,8,신항3부두,컨테이너부두,외국선,적컨,0,8282,12652,6,20940,33599.5
2024,05,2,신항,외항,수입,8,신항3부두,컨테이너부두,외국선,적컨,0,5419,10928,16,16363,27311
2024,12,4,신항,외항,수출환적,8,신항3부두,컨테이너부두,외국선,적컨,0,11196,23926,131,35253,59342.75
2024,12,4,신항,외항,수입환적,8,신항3부두,컨테이너부두,외국선,적컨,0,11455,27067,122,38644,65863.5
2024,09,3,신항,외항,수출환적,8,신항3부두,컨테이너부두,외국선,적컨,0,9471,21214,125,30810,52180.25
2024,09,3,신항,외항,수입환적,8,신항3부두,컨테이너부두,외국선,적컨,0,10018,25705,92,35815,61635
2024,09,3,신항,외항,수출,8,신항3부두,컨테이너부두,외국선,적컨,0,7371,11324,13,18708,30048.25
2024,09,3,신항,외항,수입,8,신항3부두,컨테이너부두,외국선,적컨,0,6536,11788,19,18343,30154.75
2024,12,4,신항,외항,수출,8,신항3부두,컨테이너부두,외국선,적컨,0,8112,12431,15,20558,33007.75
2024,12,4,신항,외항,수입,8,신항3부두,컨테이너부두,외국선,적컨,0,6221,11212,11,17444,28669.75
2024,01,1,신항,외항,수출환적,8,신항3부두,컨테이너부두,외국선,적컨,0,8940,17329,87,26356,43793.75
2024,01,1,신항,외항,수입환적,8,신항3부두,컨테이너부두,외국선,적컨,0,9703,19944,97,29744,49809.25
2024,01,1,신항,외항,수출,8,신항3부두,컨테이너부두,외국선,적컨,0,8405,10440,21,18866,29332.25
2024,01,1,신항,외항,수입,8,신항3부두,컨테이너부두,외국선,적컨,0,4575,6680,5,11260,17946.25
2024,03,1,신항,외항,수출환적,8,신항3부두,컨테이너부두,아국선,공컨,0,0,50,0,50,100
2024,03,1,신항,외항,수입환적,8,신항3부두,컨테이너부두,아국선,공컨,0,0,0,48,48,108
2024,03,1,신항,외항,수출,8,신항3부두,컨테이너부두,아국선,공컨,0,26,0,0,26,26
2024,03,1,신항,외항,수입,8,신항3부두,컨테이너부두,아국선,공컨,0,652,221,0,873,1094
2024,04,2,신항,외항,수출환적,8,신항3부두,컨테이너부두,아국선,공컨,0,3,14,0,17,31
2024,04,2,신항,외항,수입환적,8,신항3부두,컨테이너부두,아국선,공컨,0,201,1,0,202,203
2024,04,2,신항,외항,수출,8,신항3부두,컨테이너부두,아국선,공컨,0,14,23,66,103,208.5
2024,04,2,신항,외항,수입,8,신항3부두,컨테이너부두,아국선,공컨,0,1278,952,0,2230,3182
2024,08,3,신항,외항,수출환적,8,신항3부두,컨테이너부두,아국선,공컨,0,256,694,25,975,1700.25
2024,08,3,신항,외항,수출,8,신항3부두,컨테이너부두,아국선,공컨,0,321,313,5,639,958.25
2024,08,3,신항,외항,수입,8,신항3부두,컨테이너부두,아국선,공컨,0,1124,803,0,1927,2730
2024,10,4,신항,외항,수출환적,8,신항3부두,컨테이너부두,아국선,공컨,0,0,361,21,382,769.25
2024,10,4,신항,외항,수출,8,신항3부두,컨테이너부두,아국선,공컨,0,53,339,10,402,753.5
2024,10,4,신항,외항,수입,8,신항3부두,컨테이너부두,아국선,공컨,0,668,1019,0,1687,2706
2024,02,1,신항,외항,수출환적,8,신항3부두,컨테이너부두,아국선,공컨,0,3,0,10,13,25.5
2024,02,1,신항,외항,수입환적,8,신항3부두,컨테이너부두,아국선,공컨,0,5,40,0,45,85
2024,02,1,신항,외항,수출,8,신항3부두,컨테이너부두,아국선,공컨,0,10,0,0,10,10
2024,02,1,신항,외항,수입,8,신항3부두,컨테이너부두,아국선,공컨,0,1311,955,0,2266,3221
2024,06,2,신항,외항,수입환적,8,신항3부두,컨테이너부두,아국선,공컨,0,11,100,0,111,211
2024,06,2,신항,외항,수출,8,신항3부두,컨테이너부두,아국선,공컨,0,29,79,0,108,187
2024,06,2,신항,외항,수입,8,신항3부두,컨테이너부두,아국선,공컨,0,1403,1065,0,2468,3533
2024,07,3,신항,외항,수출환적,8,신항3부두,컨테이너부두,아국선,공컨,0,2,111,0,113,224
2024,11,4,신항,외항,수출환적,8,신항3부두,컨테이너부두,아국선,공컨,0,1,214,0,215,429
2024,11,4,신항,외항,수입환적,8,신항3부두,컨테이너부두,아국선,공컨,0,0,40,0,40,80
2024,11,4,신항,외항,수출,8,신항3부두,컨테이너부두,아국선,공컨,0,109,401,0,510,911
2024,11,4,신항,외항,수입,8,신항3부두,컨테이너부두,아국선,공컨,0,162,161,0,323,484
2024,07,3,신항,외항,수입환적,8,신항3부두,컨테이너부두,아국선,공컨,0,5,0,0,5,5
2024,07,3,신항,외항,수출,8,신항3부두,컨테이너부두,아국선,공컨,0,115,163,0,278,441
2024,07,3,신항,외항,수입,8,신항3부두,컨테이너부두,아국선,공컨,0,1352,607,0,1959,2566
2024,05,2,신항,외항,수출환적,8,신항3부두,컨테이너부두,아국선,공컨,0,5,64,0,69,133
2024,05,2,신항,외항,수입환적,8,신항3부두,컨테이너부두,아국선,공컨,0,61,563,80,704,1367
2024,05,2,신항,외항,수출,8,신항3부두,컨테이너부두,아국선,공컨,0,30,278,0,308,586
2024,05,2,신항,외항,수입,8,신항3부두,컨테이너부두,아국선,공컨,0,720,2423,0,3143,5566
2024,12,4,신항,외항,수출환적,8,신항3부두,컨테이너부두,아국선,공컨,0,1,0,0,1,1
2024,09,3,신항,외항,수출환적,8,신항3부두,컨테이너부두,아국선,공컨,0,3,1055,0,1058,2113
2024,09,3,신항,외항,수입환적,8,신항3부두,컨테이너부두,아국선,공컨,0,17,0,0,17,17
2024,09,3,신항,외항,수출,8,신항3부두,컨테이너부두,아국선,공컨,0,21,25,0,46,71
2024,09,3,신항,외항,수입,8,신항3부두,컨테이너부두,아국선,공컨,0,1156,1419,0,2575,3994
2024,12,4,신항,외항,수출,8,신항3부두,컨테이너부두,아국선,공컨,0,74,3,0,77,80
2024,12,4,신항,외항,수입,8,신항3부두,컨테이너부두,아국선,공컨,0,666,472,0,1138,1610
2024,01,1,신항,외항,수출환적,8,신항3부두,컨테이너부두,아국선,공컨,0,140,382,0,522,904
2024,01,1,신항,외항,수입환적,8,신항3부두,컨테이너부두,아국선,공컨,0,787,495,0,1282,1777
2024,01,1,신항,외항,수출,8,신항3부두,컨테이너부두,아국선,공컨,0,96,592,0,688,1280
2024,01,1,신항,외항,수입,8,신항3부두,컨테이너부두,아국선,공컨,0,1933,1589,0,3522,5111
2024,03,1,신항,외항,수출환적,8,신항3부두,컨테이너부두,아국선,적컨,0,491,582,0,1073,1655
2024,03,1,신항,외항,수입환적,8,신항3부두,컨테이너부두,아국선,적컨,0,2109,3725,14,5848,9590.5
2024,03,1,신항,외항,수출,8,신항3부두,컨테이너부두,아국선,적컨,0,2523,1704,0,4227,5931
2024,08,3,북항,외항,수출,8,자성대 부두,컨테이너부두,아국선,적컨,0,4324,2687,3,7014,9704.75
2024,08,3,북항,외항,수입,8,자성대 부두,컨테이너부두,아국선,적컨,0,3321,3301,18,6640,9963.5
2024,10,4,북항,외항,수출환적,8,자성대 부두,컨테이너부두,아국선,적컨,0,1490,1469,0,2959,4428
2024,10,4,북항,외항,수입환적,8,자성대 부두,컨테이너부두,아국선,적컨,0,1030,1080,0,2110,3190
2024,10,4,북항,외항,수출,8,자성대 부두,컨테이너부두,아국선,적컨,0,1954,1190,0,3144,4334
2024,10,4,북항,외항,수입,8,자성대 부두,컨테이너부두,아국선,적컨,0,1253,916,0,2169,3085
2024,02,1,북항,외항,수출환적,8,자성대 부두,컨테이너부두,아국선,적컨,0,5782,4457,0,10239,14696
2024,02,1,북항,외항,수입환적,8,자성대 부두,컨테이너부두,아국선,적컨,0,5550,3804,0,9354,13158
2024,02,1,북항,외항,수출,8,자성대 부두,컨테이너부두,아국선,적컨,0,4355,2814,9,7178,10003.25
2024,02,1,북항,외항,수입,8,자성대 부두,컨테이너부두,아국선,적컨,0,3063,2762,1,5826,8589.25
2024,06,2,북항,외항,수출환적,8,자성대 부두,컨테이너부두,아국선,적컨,0,6288,4416,0,10704,15120
2024,06,2,북항,외항,수입환적,8,자성대 부두,컨테이너부두,아국선,적컨,0,4659,4049,0,8708,12757
2024,06,2,북항,외항,수출,8,자성대 부두,컨테이너부두,아국선,적컨,0,5041,3195,14,8250,11462.5
2024,06,2,북항,외항,수입,8,자성대 부두,컨테이너부두,아국선,적컨,0,2989,3012,3,6004,9019.75
2024,11,4,북항,외항,수출환적,8,자성대 부두,컨테이너부두,아국선,적컨,0,1226,1017,0,2243,3260
2024,11,4,북항,외항,수입환적,8,자성대 부두,컨테이너부두,아국선,적컨,0,968,733,0,1701,2434
2024,07,3,북항,외항,수출환적,8,자성대 부두,컨테이너부두,아국선,적컨,0,6156,4291,0,10447,14738
2024,07,3,북항,외항,수입환적,8,자성대 부두,컨테이너부두,아국선,적컨,0,4469,3730,0,8199,11929
2024,07,3,북항,외항,수출,8,자성대 부두,컨테이너부두,아국선,적컨,0,4680,3112,7,7799,10919.75
2024,07,3,북항,외항,수입,8,자성대 부두,컨테이너부두,아국선,적컨,0,3316,3305,1,6622,9928.25
2024,11,4,북항,외항,수출,8,자성대 부두,컨테이너부두,아국선,적컨,0,1347,1024,0,2371,3395
2024,11,4,북항,외항,수입,8,자성대 부두,컨테이너부두,아국선,적컨,0,1067,738,0,1805,2543
2024,05,2,북항,외항,수출환적,8,자성대 부두,컨테이너부두,아국선,적컨,0,6057,4378,0,10435,14813
2024,09,3,북항,외항,수입환적,8,자성대 부두,컨테이너부두,아국선,적컨,0,1084,1008,0,2092,3100
2024,09,3,북항,외항,수출,8,자성대 부두,컨테이너부두,아국선,적컨,0,1674,1057,1,2732,3790.25
2024,09,3,북항,외항,수입,8,자성대 부두,컨테이너부두,아국선,적컨,0,1048,860,0,1908,2768
2024,09,3,북항,외항,수출환적,8,자성대 부두,컨테이너부두,아국선,적컨,0,2053,1087,0,3140,4227
2024,12,4,북항,외항,수출환적,8,자성대 부두,컨테이너부두,아국선,적컨,0,915,836,0,1751,2587
2024,12,4,북항,외항,수입환적,8,자성대 부두,컨테이너부두,아국선,적컨,0,497,584,0,1081,1665
2024,12,4,북항,외항,수출,8,자성대 부두,컨테이너부두,아국선,적컨,0,1706,1137,0,2843,3980
2024,12,4,북항,외항,수입,8,자성대 부두,컨테이너부두,아국선,적컨,0,1005,688,0,1693,2381
2024,01,1,북항,외항,수출환적,8,자성대 부두,컨테이너부두,아국선,적컨,0,5143,4332,0,9475,13807
2024,01,1,북항,외항,수입환적,8,자성대 부두,컨테이너부두,아국선,적컨,0,4296,3132,0,7428,10560
2024,01,1,북항,외항,수출,8,자성대 부두,컨테이너부두,아국선,적컨,0,4779,3172,3,7954,11129.75
2024,01,1,북항,외항,수입,8,자성대 부두,컨테이너부두,아국선,적컨,0,2848,2738,1,5587,8326.25
2024,05,2,북항,외항,수입환적,8,자성대 부두,컨테이너부두,아국선,적컨,0,4810,4162,1,8973,13136.25
2024,05,2,북항,외항,수출,8,자성대 부두,컨테이너부두,아국선,적컨,0,5189,3339,0,8528,11867
2024,05,2,북항,외항,수입,8,자성대 부두,컨테이너부두,아국선,적컨,0,3075,2904,2,5981,8887.5
2024,03,1,북항,외항,수출환적,9,신선대 부두,컨테이너부두,외국선,공컨,0,116,207,0,323,530
2024,03,1,북항,외항,수입환적,9,신선대 부두,컨테이너부두,외국선,공컨,0,94,67,0,161,228
2024,04,2,북항,외항,수출환적,9,신선대 부두,컨테이너부두,외국선,공컨,0,135,6,0,141,147
2024,04,2,북항,외항,수입환적,9,신선대 부두,컨테이너부두,외국선,공컨,0,138,15,0,153,168
2024,04,2,북항,외항,수출,9,신선대 부두,컨테이너부두,외국선,공컨,0,2135,4971,0,7106,12077
2024,04,2,북항,외항,수입,9,신선대 부두,컨테이너부두,외국선,공컨,0,5690,4613,8,10311,14934
2024,03,1,북항,외항,수출,9,신선대 부두,컨테이너부두,외국선,공컨,0,2266,4899,0,7165,12064
2024,03,1,북항,외항,수입,9,신선대 부두,컨테이너부두,외국선,공컨,0,5733,5081,1,10815,15897.25
2024,08,3,북항,외항,수출환적,9,신선대 부두,컨테이너부두,외국선,공컨,0,131,294,0,425,719
2024,08,3,북항,외항,수입환적,9,신선대 부두,컨테이너부두,외국선,공컨,0,218,433,0,651,1084
2024,08,3,북항,외항,수출,9,신선대 부두,컨테이너부두,외국선,공컨,0,5300,4569,0,9869,14438
2024,08,3,북항,외항,수입,9,신선대 부두,컨테이너부두,외국선,공컨,0,7192,5627,7,12826,18461.75
2024,10,4,북항,외항,수출환적,9,신선대 부두,컨테이너부두,외국선,공컨,0,102,84,0,186,270
2024,10,4,북항,외항,수입환적,9,신선대 부두,컨테이너부두,외국선,공컨,0,289,261,0,550,811
2024,10,4,북항,외항,수출,9,신선대 부두,컨테이너부두,외국선,공컨,0,2183,5425,0,7608,13033
2024,10,4,북항,외항,수입,9,신선대 부두,컨테이너부두,외국선,공컨,0,6050,4414,6,10470,14891.5
2024,02,1,북항,외항,수출환적,9,신선대 부두,컨테이너부두,외국선,공컨,0,79,250,0,329,579
2024,02,1,북항,외항,수입환적,9,신선대 부두,컨테이너부두,외국선,공컨,0,107,214,0,321,535
2024,02,1,북항,외항,수출,9,신선대 부두,컨테이너부두,외국선,공컨,0,1823,4046,8,5877,9933
2024,02,1,북항,외항,수입,9,신선대 부두,컨테이너부두,외국선,공컨,0,4288,4260,0,8548,12808
2024,06,2,북항,외항,수출환적,9,신선대 부두,컨테이너부두,외국선,공컨,0,173,266,0,439,705
2024,06,2,북항,외항,수입환적,9,신선대 부두,컨테이너부두,외국선,공컨,0,226,197,0,423,620
2024,06,2,북항,외항,수출,9,신선대 부두,컨테이너부두,외국선,공컨,0,2594,6038,0,8632,14670
2024,06,2,북항,외항,수입,9,신선대 부두,컨테이너부두,외국선,공컨,0,7063,6096,4,13163,19264
2024,11,4,북항,외항,수출환적,9,신선대 부두,컨테이너부두,외국선,공컨,0,163,36,0,199,235
2024,11,4,북항,외항,수입환적,9,신선대 부두,컨테이너부두,외국선,공컨,0,212,112,0,324,436
2024,07,3,북항,외항,수출환적,9,신선대 부두,컨테이너부두,외국선,공컨,0,435,176,0,611,787
2024,07,3,북항,외항,수입환적,9,신선대 부두,컨테이너부두,외국선,공컨,0,1954,946,0,2900,3846
2024,07,3,북항,외항,수출,9,신선대 부두,컨테이너부두,외국선,공컨,0,3453,4878,15,8346,13242.75
2024,07,3,북항,외항,수입,9,신선대 부두,컨테이너부두,외국선,공컨,0,7887,4616,20,12523,17164
2024,11,4,북항,외항,수출,9,신선대 부두,컨테이너부두,외국선,공컨,0,2074,5659,3,7736,13398.75
2024,11,4,북항,외항,수입,9,신선대 부두,컨테이너부두,외국선,공컨,0,7390,4976,0,12366,17342
2024,05,2,북항,외항,수출환적,9,신선대 부두,컨테이너부두,외국선,공컨,0,136,5,0,141,146
2024,09,3,북항,외항,수입환적,9,신선대 부두,컨테이너부두,외국선,공컨,0,221,392,0,613,1005
2024,09,3,북항,외항,수출,9,신선대 부두,컨테이너부두,외국선,공컨,0,2548,3930,9,6487,10428.25
2024,09,3,북항,외항,수입,9,신선대 부두,컨테이너부두,외국선,공컨,0,7091,5112,3,12206,17321.75
2024,03,1,신항,외항,수입,8,신항3부두,컨테이너부두,아국선,적컨,0,2108,2739,5,4852,7597.25
2024,04,2,신항,외항,수출환적,8,신항3부두,컨테이너부두,아국선,적컨,0,841,959,0,1800,2759
2024,04,2,신항,외항,수입환적,8,신항3부두,컨테이너부두,아국선,적컨,0,3060,5086,25,8171,13288.25
2024,04,2,신항,외항,수출,8,신항3부두,컨테이너부두,아국선,적컨,0,3654,3761,1,7416,11178.25
2024,04,2,신항,외항,수입,8,신항3부두,컨테이너부두,아국선,적컨,0,2681,4015,2,6698,10715.5
2024,08,3,신항,외항,수출환적,8,신항3부두,컨테이너부두,아국선,적컨,0,720,2445,12,3177,5637
2024,08,3,신항,외항,수입환적,8,신항3부두,컨테이너부두,아국선,적컨,0,2986,7434,35,10455,17932.75
2024,08,3,신항,외항,수출,8,신항3부두,컨테이너부두,아국선,적컨,0,2962,5334,1,8297,13632.25
2024,08,3,신항,외항,수입,8,신항3부두,컨테이너부두,아국선,적컨,0,2388,4305,22,6715,11047.5
2024,10,4,신항,외항,수출환적,8,신항3부두,컨테이너부두,아국선,적컨,0,1224,2552,4,3780,6337
2024,10,4,신항,외항,수입환적,8,신항3부두,컨테이너부두,아국선,적컨,0,4292,9946,48,14286,24292
2024,10,4,신항,외항,수출,8,신항3부두,컨테이너부두,아국선,적컨,0,3785,5493,2,9280,14775.5
2024,10,4,신항,외항,수입,8,신항3부두,컨테이너부두,아국선,적컨,0,2385,5244,15,7644,12906.75
2024,02,1,신항,외항,수출환적,8,신항3부두,컨테이너부두,아국선,적컨,0,1123,1296,0,2419,3715
2024,02,1,신항,외항,수입환적,8,신항3부두,컨테이너부두,아국선,적컨,0,2370,4308,17,6695,11024.25
2024,02,1,신항,외항,수출,8,신항3부두,컨테이너부두,아국선,적컨,0,2985,4304,0,7289,11593
2024,02,1,신항,외항,수입,8,신항3부두,컨테이너부두,아국선,적컨,0,2102,3093,11,5206,8312.75
2024,06,2,신항,외항,수출환적,8,신항3부두,컨테이너부두,아국선,적컨,0,1642,2947,8,4597,7554
2024,06,2,신항,외항,수입환적,8,신항3부두,컨테이너부두,아국선,적컨,0,4255,10140,54,14449,24656.5
2024,06,2,신항,외항,수출,8,신항3부두,컨테이너부두,아국선,적컨,0,3337,5954,3,9294,15251.75
2024,06,2,신항,외항,수입,8,신항3부두,컨테이너부두,아국선,적컨,0,2808,6207,9,9024,15242.25
2024,07,3,신항,외항,수출환적,8,신항3부두,컨테이너부두,아국선,적컨,0,517,1176,12,1705,2896
2024,11,4,신항,외항,수출환적,8,신항3부두,컨테이너부두,아국선,적컨,0,698,1925,7,2630,4563.75
2024,11,4,신항,외항,수입환적,8,신항3부두,컨테이너부두,아국선,적컨,0,2182,4661,34,6877,11580.5
2024,11,4,신항,외항,수출,8,신항3부두,컨테이너부두,아국선,적컨,0,2239,4110,0,6349,10459
2024,11,4,신항,외항,수입,8,신항3부두,컨테이너부두,아국선,적컨,0,1008,2696,7,3711,6415.75
2024,07,3,신항,외항,수입환적,8,신항3부두,컨테이너부두,아국선,적컨,0,1170,3009,13,4192,7217.25
2024,07,3,신항,외항,수출,8,신항3부두,컨테이너부두,아국선,적컨,0,2833,3732,5,6570,10308.25
2024,07,3,신항,외항,수입,8,신항3부두,컨테이너부두,아국선,적컨,0,1615,2073,1,3689,5763.25
2024,05,2,신항,외항,수출환적,8,신항3부두,컨테이너부두,아국선,적컨,0,1027,2901,10,3938,6851.5
2024,05,2,신항,외항,수입환적,8,신항3부두,컨테이너부두,아국선,적컨,0,1874,4629,16,6519,11168
2024,05,2,신항,외항,수출,8,신항3부두,컨테이너부두,아국선,적컨,0,4259,5194,6,9459,14660.5
2024,05,2,신항,외항,수입,8,신항3부두,컨테이너부두,아국선,적컨,0,1687,2756,5,4448,7210.25
2024,12,4,신항,외항,수출환적,8,신항3부두,컨테이너부두,아국선,적컨,0,459,1844,1,2304,4149.25
2024,12,4,신항,외항,수입환적,8,신항3부두,컨테이너부두,아국선,적컨,0,2517,6959,44,9520,16534
2024,09,3,신항,외항,수출환적,8,신항3부두,컨테이너부두,아국선,적컨,0,679,1911,4,2594,4510
2024,09,3,신항,외항,수입환적,8,신항3부두,컨테이너부두,아국선,적컨,0,2702,6478,34,9214,15734.5
2024,09,3,신항,외항,수출,8,신항3부두,컨테이너부두,아국선,적컨,0,2964,3584,0,6548,10132
2024,09,3,신항,외항,수입,8,신항3부두,컨테이너부두,아국선,적컨,0,2053,4162,6,6221,10390.5
2024,12,4,신항,외항,수출,8,신항3부두,컨테이너부두,아국선,적컨,0,2101,3482,0,5583,9065
2024,12,4,신항,외항,수입,8,신항3부두,컨테이너부두,아국선,적컨,0,2266,4205,8,6479,10694
2024,01,1,신항,외항,수출환적,8,신항3부두,컨테이너부두,아국선,적컨,0,1447,2193,2,3642,5837.5
2024,01,1,신항,외항,수입환적,8,신항3부두,컨테이너부두,아국선,적컨,0,2248,4714,48,7010,11784
2024,01,1,신항,외항,수출,8,신항3부두,컨테이너부두,아국선,적컨,0,4757,5001,0,9758,14759
2024,01,1,신항,외항,수입,8,신항3부두,컨테이너부두,아국선,적컨,0,2062,3856,10,5928,9796.5
2024,03,1,신항,외항,수출환적,9,신항4부두,컨테이너부두,외국선,공컨,0,874,1979,0,2853,4832
2024,03,1,신항,외항,수입환적,9,신항4부두,컨테이너부두,외국선,공컨,0,477,2903,154,3534,6629.5
2024,03,1,신항,외항,수출,9,신항4부두,컨테이너부두,외국선,공컨,0,1197,2380,9,3586,5977.25
2024,03,1,신항,외항,수입,9,신항4부두,컨테이너부두,외국선,공컨,0,7254,5659,31,12944,18641.75
2024,04,2,신항,외항,수출환적,9,신항4부두,컨테이너부두,외국선,공컨,0,1298,1750,26,3074,4856.5
2024,04,2,신항,외항,수입환적,9,신항4부두,컨테이너부두,외국선,공컨,0,938,1736,101,2775,4637.25
2024,04,2,신항,외항,수출,9,신항4부두,컨테이너부두,외국선,공컨,0,667,3572,0,4239,7811
2024,04,2,신항,외항,수입,9,신항4부두,컨테이너부두,외국선,공컨,0,6587,8289,39,14915,23252.75
2024,08,3,신항,외항,수출환적,9,신항4부두,컨테이너부두,외국선,공컨,0,253,1488,176,1917,3625
2024,08,3,신항,외항,수입환적,9,신항4부두,컨테이너부두,외국선,공컨,0,687,1911,46,2644,4612.5
2024,08,3,신항,외항,수출,9,신항4부두,컨테이너부두,외국선,공컨,0,495,2727,80,3302,6129
2024,08,3,신항,외항,수입,9,신항4부두,컨테이너부두,외국선,공컨,0,4158,5934,19,10111,16068.75
2024,10,4,신항,외항,수출환적,9,신항4부두,컨테이너부두,외국선,공컨,0,154,1540,120,1814,3504
2024,10,4,신항,외항,수입환적,9,신항4부두,컨테이너부두,외국선,공컨,0,512,2397,98,3007,5526.5
2024,10,4,신항,외항,수출,9,신항4부두,컨테이너부두,외국선,공컨,0,1190,2206,30,3426,5669.5
2024,10,4,신항,외항,수입,9,신항4부두,컨테이너부두,외국선,공컨,0,3190,7486,61,10737,18299.25
2024,02,1,신항,외항,수출환적,9,신항4부두,컨테이너부두,외국선,공컨,0,801,1556,50,2407,4025.5
2024,02,1,신항,외항,수입환적,9,신항4부두,컨테이너부두,외국선,공컨,0,1086,699,85,1870,2675.25
2024,02,1,신항,외항,수출,9,신항4부두,컨테이너부두,외국선,공컨,0,563,1671,0,2234,3905
2024,02,1,신항,외항,수입,9,신항4부두,컨테이너부두,외국선,공컨,0,4587,7181,22,11790,18998.5
2024,06,2,신항,외항,수출환적,9,신항4부두,컨테이너부두,외국선,공컨,0,193,1976,66,2235,4293.5
2024,06,2,신항,외항,수입환적,9,신항4부두,컨테이너부두,외국선,공컨,0,117,1099,0,1216,2315
2024,06,2,신항,외항,수출,9,신항4부두,컨테이너부두,외국선,공컨,0,529,606,61,1196,1878.25
2024,06,2,신항,외항,수입,9,신항4부두,컨테이너부두,외국선,공컨,0,5088,8254,81,13423,21778.25
2024,07,3,신항,외항,수출환적,9,신항4부두,컨테이너부두,외국선,공컨,0,171,1099,156,1426,2720
2024,11,4,신항,외항,수출환적,9,신항4부두,컨테이너부두,외국선,공컨,0,400,1623,77,2100,3819.25
2024,11,4,신항,외항,수입환적,9,신항4부두,컨테이너부두,외국선,공컨,0,218,2361,58,2637,5070.5
2024,11,4,신항,외항,수출,9,신항4부두,컨테이너부두,외국선,공컨,0,853,1257,135,2245,3670.75
2024,11,4,신항,외항,수입,9,신항4부두,컨테이너부두,외국선,공컨,0,4106,6613,31,10750,17401.75
2024,09,3,북항,외항,수출환적,9,신선대 부두,컨테이너부두,외국선,공컨,0,49,335,0,384,719
2024,12,4,북항,외항,수출환적,9,신선대 부두,컨테이너부두,외국선,공컨,0,119,11,0,130,141
2024,12,4,북항,외항,수입환적,9,신선대 부두,컨테이너부두,외국선,공컨,0,149,31,0,180,211
2024,12,4,북항,외항,수출,9,신선대 부두,컨테이너부두,외국선,공컨,0,2768,3217,2,5987,9206.5
2024,12,4,북항,외항,수입,9,신선대 부두,컨테이너부두,외국선,공컨,0,5964,4950,6,10920,15877.5
2024,01,1,북항,외항,수출환적,9,신선대 부두,컨테이너부두,외국선,공컨,0,46,267,0,313,580
2024,01,1,북항,외항,수입환적,9,신선대 부두,컨테이너부두,외국선,공컨,0,508,842,0,1350,2192
2024,01,1,북항,외항,수출,9,신선대 부두,컨테이너부두,외국선,공컨,0,2394,4870,30,7294,12201.5
2024,01,1,북항,외항,수입,9,신선대 부두,컨테이너부두,외국선,공컨,0,4513,3694,11,8218,11925.75
2024,05,2,북항,외항,수입환적,9,신선대 부두,컨테이너부두,외국선,공컨,0,141,35,0,176,211
2024,05,2,북항,외항,수출,9,신선대 부두,컨테이너부두,외국선,공컨,0,4348,5169,0,9517,14686
2024,05,2,북항,외항,수입,9,신선대 부두,컨테이너부두,외국선,공컨,0,5790,5848,0,11638,17486
2024,03,1,북항,외항,수출환적,9,신선대 부두,컨테이너부두,외국선,적컨,0,10713,11835,0,22548,34383
2024,03,1,북항,외항,수입환적,9,신선대 부두,컨테이너부두,외국선,적컨,0,8718,9801,0,18519,28320
2024,04,2,북항,외항,수출환적,9,신선대 부두,컨테이너부두,외국선,적컨,0,8947,9094,0,18041,27135
2024,04,2,북항,외항,수입환적,9,신선대 부두,컨테이너부두,외국선,적컨,0,8406,9401,0,17807,27208
2024,04,2,북항,외항,수출,9,신선대 부두,컨테이너부두,외국선,적컨,0,11502,8633,12,20147,28795
2024,04,2,북항,외항,수입,9,신선대 부두,컨테이너부두,외국선,적컨,0,9409,10534,0,19943,30477
2024,03,1,북항,외항,수출,9,신선대 부두,컨테이너부두,외국선,적컨,0,11491,9152,6,20649,29808.5
2024,03,1,북항,외항,수입,9,신선대 부두,컨테이너부두,외국선,적컨,0,8669,9459,0,18128,27587
2024,08,3,북항,외항,수출환적,9,신선대 부두,컨테이너부두,외국선,적컨,0,10004,9931,0,19935,29866
2024,08,3,북항,외항,수입환적,9,신선대 부두,컨테이너부두,외국선,적컨,0,9101,8873,0,17974,26847
2024,08,3,북항,외항,수출,9,신선대 부두,컨테이너부두,외국선,적컨,0,12808,9232,2,22042,31276.5
2024,08,3,북항,외항,수입,9,신선대 부두,컨테이너부두,외국선,적컨,0,8313,10388,0,18701,29089
2024,10,4,북항,외항,수출환적,9,신선대 부두,컨테이너부두,외국선,적컨,0,10967,10010,0,20977,30987
2024,10,4,북항,외항,수입환적,9,신선대 부두,컨테이너부두,외국선,적컨,0,9070,9637,1,18708,28346.25
2024,10,4,북항,외항,수출,9,신선대 부두,컨테이너부두,외국선,적컨,0,12338,9193,0,21531,30724
2024,10,4,북항,외항,수입,9,신선대 부두,컨테이너부두,외국선,적컨,0,8079,10067,0,18146,28213
2024,02,1,북항,외항,수출환적,9,신선대 부두,컨테이너부두,외국선,적컨,0,8197,8525,0,16722,25247
2024,02,1,북항,외항,수입환적,9,신선대 부두,컨테이너부두,외국선,적컨,0,7813,8498,2,16313,24813.5
2024,02,1,북항,외항,수출,9,신선대 부두,컨테이너부두,외국선,적컨,0,9475,7734,21,17230,24990.25
2024,02,1,북항,외항,수입,9,신선대 부두,컨테이너부두,외국선,적컨,0,5414,6444,0,11858,18302
2024,06,2,북항,외항,수출환적,9,신선대 부두,컨테이너부두,외국선,적컨,0,10679,10235,0,20914,31149
2024,06,2,북항,외항,수입환적,9,신선대 부두,컨테이너부두,외국선,적컨,0,11056,10836,0,21892,32728
2024,06,2,북항,외항,수출,9,신선대 부두,컨테이너부두,외국선,적컨,0,12806,9442,1,22249,31692.25
2024,06,2,북항,외항,수입,9,신선대 부두,컨테이너부두,외국선,적컨,0,9342,10580,0,19922,30502
2024,11,4,북항,외항,수출환적,9,신선대 부두,컨테이너부두,외국선,적컨,0,10198,9924,0,20122,30046
2024,11,4,북항,외항,수입환적,9,신선대 부두,컨테이너부두,외국선,적컨,0,8912,8778,0,17690,26468
2024,07,3,북항,외항,수출환적,9,신선대 부두,컨테이너부두,외국선,적컨,0,8491,9291,0,17782,27073
2024,07,3,북항,외항,수입환적,9,신선대 부두,컨테이너부두,외국선,적컨,0,8720,8402,0,17122,25524
2024,07,3,북항,외항,수출,9,신선대 부두,컨테이너부두,외국선,적컨,0,14087,9235,0,23322,32557
2024,07,3,북항,외항,수입,9,신선대 부두,컨테이너부두,외국선,적컨,0,8963,9667,0,18630,28297
2024,11,4,북항,외항,수출,9,신선대 부두,컨테이너부두,외국선,적컨,0,12072,9289,1,21362,30652.25
2024,11,4,북항,외항,수입,9,신선대 부두,컨테이너부두,외국선,적컨,0,7566,8479,0,16045,24524
2024,05,2,북항,외항,수출환적,9,신선대 부두,컨테이너부두,외국선,적컨,0,9285,9788,0,19073,28861
2024,09,3,북항,외항,수입환적,9,신선대 부두,컨테이너부두,외국선,적컨,0,8696,8955,1,17652,26608.25
2024,09,3,북항,외항,수출,9,신선대 부두,컨테이너부두,외국선,적컨,0,12784,9853,1,22638,32492.25
2024,09,3,북항,외항,수입,9,신선대 부두,컨테이너부두,외국선,적컨,0,8282,9658,1,17941,27600.25
2024,09,3,북항,외항,수출환적,9,신선대 부두,컨테이너부두,외국선,적컨,0,9240,8710,0,17950,26660
2024,12,4,북항,외항,수출환적,9,신선대 부두,컨테이너부두,외국선,적컨,0,8514,8176,0,16690,24866
2024,12,4,북항,외항,수입환적,9,신선대 부두,컨테이너부두,외국선,적컨,0,9052,9812,0,18864,28676
2024,12,4,북항,외항,수출,9,신선대 부두,컨테이너부두,외국선,적컨,0,12558,10069,3,22630,32702.75
2024,12,4,북항,외항,수입,9,신선대 부두,컨테이너부두,외국선,적컨,0,10692,10853,0,21545,32398
2024,01,1,북항,외항,수출환적,9,신선대 부두,컨테이너부두,외국선,적컨,0,8119,8319,0,16438,24757
2024,01,1,북항,외항,수입환적,9,신선대 부두,컨테이너부두,외국선,적컨,0,7968,8263,0,16231,24494
2024,01,1,북항,외항,수출,9,신선대 부두,컨테이너부두,외국선,적컨,0,11308,9172,7,20487,29667.75
2024,01,1,북항,외항,수입,9,신선대 부두,컨테이너부두,외국선,적컨,0,7937,9040,1,16978,26019.25
2024,05,2,북항,외항,수입환적,9,신선대 부두,컨테이너부두,외국선,적컨,0,10385,10750,0,21135,31885
2024,05,2,북항,외항,수출,9,신선대 부두,컨테이너부두,외국선,적컨,0,13179,9466,1,22646,32113.25
2024,05,2,북항,외항,수입,9,신선대 부두,컨테이너부두,외국선,적컨,0,9260,10564,0,19824,30388
2024,03,1,북항,외항,수출환적,9,신선대 부두,컨테이너부두,아국선,공컨,0,78,4,0,82,86
2024,03,1,북항,외항,수입환적,9,신선대 부두,컨테이너부두,아국선,공컨,0,67,63,0,130,193
2024,04,2,북항,외항,수출환적,9,신선대 부두,컨테이너부두,아국선,공컨,0,34,4,0,38,42
2024,04,2,북항,외항,수입환적,9,신선대 부두,컨테이너부두,아국선,공컨,0,101,24,0,125,149
2024,04,2,북항,외항,수출,9,신선대 부두,컨테이너부두,아국선,공컨,0,3113,2904,0,6017,8921
2024,04,2,북항,외항,수입,9,신선대 부두,컨테이너부두,아국선,공컨,0,6284,3072,0,9356,12428
2024,03,1,북항,외항,수출,9,신선대 부두,컨테이너부두,아국선,공컨,0,1201,3475,0,4676,8151
2024,03,1,북항,외항,수입,9,신선대 부두,컨테이너부두,아국선,공컨,0,5252,3036,2,8290,11328.5
2024,08,3,북항,외항,수출환적,9,신선대 부두,컨테이너부두,아국선,공컨,0,27,9,0,36,45
2024,08,3,북항,외항,수입환적,9,신선대 부두,컨테이너부두,아국선,공컨,0,253,18,0,271,289
2024,08,3,북항,외항,수출,9,신선대 부두,컨테이너부두,아국선,공컨,0,2906,1597,0,4503,6100
2024,08,3,북항,외항,수입,9,신선대 부두,컨테이너부두,아국선,공컨,0,6297,2714,0,9011,11725
2024,10,4,북항,외항,수출환적,9,신선대 부두,컨테이너부두,아국선,공컨,0,123,9,0,132,141
2024,07,3,신항,외항,수입환적,9,신항4부두,컨테이너부두,외국선,공컨,0,96,1892,60,2048,4015
2024,07,3,신항,외항,수출,9,신항4부두,컨테이너부두,외국선,공컨,0,796,2602,87,3485,6195.75
2024,07,3,신항,외항,수입,9,신항4부두,컨테이너부두,외국선,공컨,0,3953,7172,27,11152,18357.75
2024,05,2,신항,외항,수출환적,9,신항4부두,컨테이너부두,외국선,공컨,0,1,216,0,217,433
2024,05,2,신항,외항,수입환적,9,신항4부두,컨테이너부두,외국선,공컨,0,2,568,3,573,1144.75
2024,05,2,신항,외항,수출,9,신항4부두,컨테이너부두,외국선,공컨,0,275,1315,0,1590,2905
2024,05,2,신항,외항,수입,9,신항4부두,컨테이너부두,외국선,공컨,0,4731,6396,4,11131,17532
2024,12,4,신항,외항,수출환적,9,신항4부두,컨테이너부두,외국선,공컨,0,189,1138,18,1345,2505.5
2024,12,4,신항,외항,수입환적,9,신항4부두,컨테이너부두,외국선,공컨,0,20,1134,157,1311,2641.25
2024,09,3,신항,외항,수출환적,9,신항4부두,컨테이너부두,외국선,공컨,0,169,1537,5,1711,3254.25
2024,09,3,신항,외항,수입환적,9,신항4부두,컨테이너부두,외국선,공컨,0,29,1177,61,1267,2520.25
2024,09,3,신항,외항,수출,9,신항4부두,컨테이너부두,외국선,공컨,0,161,3688,0,3849,7537
2024,09,3,신항,외항,수입,9,신항4부두,컨테이너부두,외국선,공컨,0,4099,5854,110,10063,16054.5
2024,12,4,신항,외항,수출,9,신항4부두,컨테이너부두,외국선,공컨,0,599,2877,17,3493,6391.25
2024,12,4,신항,외항,수입,9,신항4부두,컨테이너부두,외국선,공컨,0,4075,8254,3,12332,20589.75
2024,01,1,신항,외항,수출환적,9,신항4부두,컨테이너부두,외국선,공컨,0,1095,3770,0,4865,8635
2024,01,1,신항,외항,수입환적,9,신항4부두,컨테이너부두,외국선,공컨,0,709,3906,254,4869,9092.5
2024,01,1,신항,외항,수출,9,신항4부두,컨테이너부두,외국선,공컨,0,2354,3360,100,5814,9299
2024,01,1,신항,외항,수입,9,신항4부두,컨테이너부두,외국선,공컨,0,3972,6476,78,10526,17099.5
2024,03,1,신항,외항,수출환적,9,신항4부두,컨테이너부두,외국선,적컨,0,7065,19861,108,27034,47030
2024,03,1,신항,외항,수입환적,9,신항4부두,컨테이너부두,외국선,적컨,0,7871,20918,95,28884,49920.75
2024,03,1,신항,외항,수출,9,신항4부두,컨테이너부두,외국선,적컨,0,12348,18807,70,31225,50119.5
2024,03,1,신항,외항,수입,9,신항4부두,컨테이너부두,외국선,적컨,0,4815,9755,35,14605,24403.75
2024,04,2,신항,외항,수출환적,9,신항4부두,컨테이너부두,외국선,적컨,0,8928,20565,178,29671,50458.5
2024,04,2,신항,외항,수입환적,9,신항4부두,컨테이너부두,외국선,적컨,0,8868,21237,198,30303,51787.5
2024,04,2,신항,외항,수출,9,신항4부두,컨테이너부두,외국선,적컨,0,11789,20016,54,31859,51942.5
2024,04,2,신항,외항,수입,9,신항4부두,컨테이너부두,외국선,적컨,0,4412,8881,60,13353,22309
2024,08,3,신항,외항,수출환적,9,신항4부두,컨테이너부두,외국선,적컨,0,8647,22437,322,31406,54245.5
2024,08,3,신항,외항,수입환적,9,신항4부두,컨테이너부두,외국선,적컨,0,8352,21145,181,29678,51049.25
2024,08,3,신항,외항,수출,9,신항4부두,컨테이너부두,외국선,적컨,0,9925,16929,160,27014,44143
2024,08,3,신항,외항,수입,9,신항4부두,컨테이너부두,외국선,적컨,0,4129,8400,51,12580,21043.75
2024,10,4,신항,외항,수출환적,9,신항4부두,컨테이너부두,외국선,적컨,0,8132,22094,183,30409,52731.75
2024,10,4,신항,외항,수입환적,9,신항4부두,컨테이너부두,외국선,적컨,0,7661,21931,190,29782,51950.5
2024,10,4,신항,외항,수출,9,신항4부두,컨테이너부두,외국선,적컨,0,11754,20712,145,32611,53504.25
2024,10,4,신항,외항,수입,9,신항4부두,컨테이너부두,외국선,적컨,0,5163,8707,31,13901,22646.75
2024,02,1,신항,외항,수출환적,9,신항4부두,컨테이너부두,외국선,적컨,0,7274,18986,249,26509,45806.25
2024,02,1,신항,외항,수입환적,9,신항4부두,컨테이너부두,외국선,적컨,0,7275,18033,193,25501,43775.25
2024,02,1,신항,외항,수출,9,신항4부두,컨테이너부두,외국선,적컨,0,9490,15673,81,25244,41018.25
2024,02,1,신항,외항,수입,9,신항4부두,컨테이너부두,외국선,적컨,0,4254,7139,34,11427,18608.5
2024,06,2,신항,외항,수출환적,9,신항4부두,컨테이너부두,외국선,적컨,0,8391,23322,374,32087,55876.5
2024,06,2,신항,외항,수입환적,9,신항4부두,컨테이너부두,외국선,적컨,0,8084,22967,250,31301,54580.5
2024,06,2,신항,외항,수출,9,신항4부두,컨테이너부두,외국선,적컨,0,9790,17063,91,26944,44120.75
2024,06,2,신항,외항,수입,9,신항4부두,컨테이너부두,외국선,적컨,0,4134,8474,64,12672,21226
2024,07,3,신항,외항,수출환적,9,신항4부두,컨테이너부두,외국선,적컨,0,7384,18764,202,26350,45366.5
2024,11,4,신항,외항,수출환적,9,신항4부두,컨테이너부두,외국선,적컨,0,8208,22112,205,30525,52893.25
2024,11,4,신항,외항,수입환적,9,신항4부두,컨테이너부두,외국선,적컨,0,9389,24166,301,33856,58398.25
2024,11,4,신항,외항,수출,9,신항4부두,컨테이너부두,외국선,적컨,0,9071,15476,69,24616,40178.25
2024,11,4,신항,외항,수입,9,신항4부두,컨테이너부두,외국선,적컨,0,4712,7470,33,12215,19726.25
2024,07,3,신항,외항,수입환적,9,신항4부두,컨테이너부두,외국선,적컨,0,8034,22528,354,30916,53886.5
2024,07,3,신항,외항,수출,9,신항4부두,컨테이너부두,외국선,적컨,0,10687,18541,246,29474,48322.5
2024,07,3,신항,외항,수입,9,신항4부두,컨테이너부두,외국선,적컨,0,4706,7944,24,12674,20648
2024,05,2,신항,외항,수출환적,9,신항4부두,컨테이너부두,외국선,적컨,0,7093,17034,207,24334,41626.75
2024,05,2,신항,외항,수입환적,9,신항4부두,컨테이너부두,외국선,적컨,0,8697,21117,308,30122,51624
2024,05,2,신항,외항,수출,9,신항4부두,컨테이너부두,외국선,적컨,0,8494,15184,251,23929,39426.75
2024,05,2,신항,외항,수입,9,신항4부두,컨테이너부두,외국선,적컨,0,3631,6556,38,10225,16828.5
2024,12,4,신항,외항,수출환적,9,신항4부두,컨테이너부두,외국선,적컨,0,8306,23234,317,31857,55487.25
2024,12,4,신항,외항,수입환적,9,신항4부두,컨테이너부두,외국선,적컨,0,7095,21216,244,28555,50076
2024,09,3,신항,외항,수출환적,9,신항4부두,컨테이너부두,외국선,적컨,0,6654,18164,156,24974,43333
2024,09,3,신항,외항,수입환적,9,신항4부두,컨테이너부두,외국선,적컨,0,7264,20694,179,28137,49054.75
2024,09,3,신항,외항,수출,9,신항4부두,컨테이너부두,외국선,적컨,0,8173,14855,113,23141,38137.25
2024,09,3,신항,외항,수입,9,신항4부두,컨테이너부두,외국선,적컨,0,3767,7247,37,11051,18344.25
2024,12,4,신항,외항,수출,9,신항4부두,컨테이너부두,외국선,적컨,0,10310,18145,47,28502,46705.75
2024,12,4,신항,외항,수입,9,신항4부두,컨테이너부두,외국선,적컨,0,5300,7209,41,12550,19810.25
2024,01,1,신항,외항,수출환적,9,신항4부두,컨테이너부두,외국선,적컨,0,6850,16372,128,23350,39882
2024,01,1,신항,외항,수입환적,9,신항4부두,컨테이너부두,외국선,적컨,0,7398,17116,141,24655,41947.25
2024,01,1,신항,외항,수출,9,신항4부두,컨테이너부두,외국선,적컨,0,9924,14878,77,24879,39853.25
2024,01,1,신항,외항,수입,9,신항4부두,컨테이너부두,외국선,적컨,0,4066,8530,33,12629,21200.25
2024,04,2,신항,외항,수출환적,9,신항4부두,컨테이너부두,아국선,공컨,0,10,422,0,432,854
2024,04,2,신항,외항,수입환적,9,신항4부두,컨테이너부두,아국선,공컨,0,155,514,0,669,1183
2024,04,2,신항,외항,수출,9,신항4부두,컨테이너부두,아국선,공컨,0,20,6,0,26,32
2024,04,2,신항,외항,수입,9,신항4부두,컨테이너부두,아국선,공컨,0,103,620,0,723,1343
2024,08,3,신항,외항,수출환적,9,신항4부두,컨테이너부두,아국선,공컨,0,0,438,0,438,876
2024,08,3,신항,외항,수입환적,9,신항4부두,컨테이너부두,아국선,공컨,0,106,321,0,427,748
2024,10,4,북항,외항,수입환적,9,신선대 부두,컨테이너부두,아국선,공컨,0,65,14,0,79,93
2024,10,4,북항,외항,수출,9,신선대 부두,컨테이너부두,아국선,공컨,0,2417,3643,0,6060,9703
2024,10,4,북항,외항,수입,9,신선대 부두,컨테이너부두,아국선,공컨,0,4093,2974,0,7067,10041
2024,02,1,북항,외항,수출환적,9,신선대 부두,컨테이너부두,아국선,공컨,0,35,29,0,64,93
2024,02,1,북항,외항,수입환적,9,신선대 부두,컨테이너부두,아국선,공컨,0,81,41,0,122,163
2024,02,1,북항,외항,수출,9,신선대 부두,컨테이너부두,아국선,공컨,0,1509,2715,0,4224,6939
2024,02,1,북항,외항,수입,9,신선대 부두,컨테이너부두,아국선,공컨,0,4723,2746,0,7469,10215
2024,06,2,북항,외항,수출환적,9,신선대 부두,컨테이너부두,아국선,공컨,0,126,0,0,126,126
2024,06,2,북항,외항,수입환적,9,신선대 부두,컨테이너부두,아국선,공컨,0,197,24,0,221,245
2024,06,2,북항,외항,수출,9,신선대 부두,컨테이너부두,아국선,공컨,0,2516,2681,0,5197,7878
2024,06,2,북항,외항,수입,9,신선대 부두,컨테이너부두,아국선,공컨,0,6441,3716,0,10157,13873
2024,11,4,북항,외항,수출환적,9,신선대 부두,컨테이너부두,아국선,공컨,0,51,1,0,52,53
2024,11,4,북항,외항,수입환적,9,신선대 부두,컨테이너부두,아국선,공컨,0,114,122,0,236,358
2024,07,3,북항,외항,수출환적,9,신선대 부두,컨테이너부두,아국선,공컨,0,212,117,0,329,446
2024,07,3,북항,외항,수입환적,9,신선대 부두,컨테이너부두,아국선,공컨,0,1125,449,0,1574,2023
2024,07,3,북항,외항,수출,9,신선대 부두,컨테이너부두,아국선,공컨,0,2511,2979,0,5490,8469
2024,07,3,북항,외항,수입,9,신선대 부두,컨테이너부두,아국선,공컨,0,5515,3043,0,8558,11601
2024,11,4,북항,외항,수출,9,신선대 부두,컨테이너부두,아국선,공컨,0,2180,3961,0,6141,10102
2024,11,4,북항,외항,수입,9,신선대 부두,컨테이너부두,아국선,공컨,0,5540,3363,2,8905,12270.5
2024,05,2,북항,외항,수출환적,9,신선대 부두,컨테이너부두,아국선,공컨,0,43,3,0,46,49
2024,09,3,북항,외항,수입환적,9,신선대 부두,컨테이너부두,아국선,공컨,0,52,47,0,99,146
2024,09,3,북항,외항,수출,9,신선대 부두,컨테이너부두,아국선,공컨,0,2523,1982,0,4505,6487
2024,09,3,북항,외항,수입,9,신선대 부두,컨테이너부두,아국선,공컨,0,5468,2536,5,8009,10551.25
2024,09,3,북항,외항,수출환적,9,신선대 부두,컨테이너부두,아국선,공컨,0,87,6,0,93,99
2024,12,4,북항,외항,수출환적,9,신선대 부두,컨테이너부두,아국선,공컨,0,76,0,0,76,76
2024,12,4,북항,외항,수입환적,9,신선대 부두,컨테이너부두,아국선,공컨,0,104,330,0,434,764
2024,12,4,북항,외항,수출,9,신선대 부두,컨테이너부두,아국선,공컨,0,2451,1784,0,4235,6019
2024,12,4,북항,외항,수입,9,신선대 부두,컨테이너부두,아국선,공컨,0,5229,2556,0,7785,10341
2024,01,1,북항,외항,수출환적,9,신선대 부두,컨테이너부두,아국선,공컨,0,55,76,0,131,207
2024,01,1,북항,외항,수입환적,9,신선대 부두,컨테이너부두,아국선,공컨,0,36,31,0,67,98
2024,01,1,북항,외항,수출,9,신선대 부두,컨테이너부두,아국선,공컨,0,2994,3706,0,6700,10406
2024,01,1,북항,외항,수입,9,신선대 부두,컨테이너부두,아국선,공컨,0,3639,2881,0,6520,9401
2024,05,2,북항,외항,수입환적,9,신선대 부두,컨테이너부두,아국선,공컨,0,136,13,0,149,162
2024,05,2,북항,외항,수출,9,신선대 부두,컨테이너부두,아국선,공컨,0,1535,2840,0,4375,7215
2024,05,2,북항,외항,수입,9,신선대 부두,컨테이너부두,아국선,공컨,0,4817,2723,4,7544,10272
2024,03,1,북항,외항,수출환적,9,신선대 부두,컨테이너부두,아국선,적컨,0,8293,7058,0,15351,22409
2024,03,1,북항,외항,수입환적,9,신선대 부두,컨테이너부두,아국선,적컨,0,7240,7335,0,14575,21910
2024,04,2,북항,외항,수출환적,9,신선대 부두,컨테이너부두,아국선,적컨,0,7921,7241,0,15162,22403
2024,04,2,북항,외항,수입환적,9,신선대 부두,컨테이너부두,아국선,적컨,0,5917,5940,0,11857,17797
2024,04,2,북항,외항,수출,9,신선대 부두,컨테이너부두,아국선,적컨,0,8341,5452,0,13793,19245
2024,04,2,북항,외항,수입,9,신선대 부두,컨테이너부두,아국선,적컨,0,5507,5639,0,11146,16785
2024,03,1,북항,외항,수출,9,신선대 부두,컨테이너부두,아국선,적컨,0,6970,5162,2,12134,17298.5
2024,03,1,북항,외항,수입,9,신선대 부두,컨테이너부두,아국선,적컨,0,6079,5645,1,11725,17371.25
2024,08,3,북항,외항,수출환적,9,신선대 부두,컨테이너부두,아국선,적컨,0,7286,5134,0,12420,17554
2024,08,3,북항,외항,수입환적,9,신선대 부두,컨테이너부두,아국선,적컨,0,4943,4467,0,9410,13877
2024,08,3,북항,외항,수출,9,신선대 부두,컨테이너부두,아국선,적컨,0,5671,3852,0,9523,13375
2024,08,3,북항,외항,수입,9,신선대 부두,컨테이너부두,아국선,적컨,0,5427,5447,0,10874,16321
2024,10,4,북항,외항,수출환적,9,신선대 부두,컨테이너부두,아국선,적컨,0,7795,6141,0,13936,20077
2024,10,4,북항,외항,수입환적,9,신선대 부두,컨테이너부두,아국선,적컨,0,6662,5582,0,12244,17826
2024,10,4,북항,외항,수출,9,신선대 부두,컨테이너부두,아국선,적컨,0,6034,4465,7,10506,14979.75
2024,10,4,북항,외항,수입,9,신선대 부두,컨테이너부두,아국선,적컨,0,5469,5806,1,11276,17083.25
2024,02,1,북항,외항,수출환적,9,신선대 부두,컨테이너부두,아국선,적컨,0,7559,7007,0,14566,21573
2024,02,1,북항,외항,수입환적,9,신선대 부두,컨테이너부두,아국선,적컨,0,6098,6297,0,12395,18692
2024,02,1,북항,외항,수출,9,신선대 부두,컨테이너부두,아국선,적컨,0,7477,5620,0,13097,18717
2024,02,1,북항,외항,수입,9,신선대 부두,컨테이너부두,아국선,적컨,0,4783,4728,0,9511,14239
2024,06,2,북항,외항,수출환적,9,신선대 부두,컨테이너부두,아국선,적컨,0,6173,5734,0,11907,17641
2024,06,2,북항,외항,수입환적,9,신선대 부두,컨테이너부두,아국선,적컨,0,5045,5357,0,10402,15759
2024,06,2,북항,외항,수출,9,신선대 부두,컨테이너부두,아국선,적컨,0,6233,4466,0,10699,15165
2024,06,2,북항,외항,수입,9,신선대 부두,컨테이너부두,아국선,적컨,0,4534,4513,0,9047,13560
2024,11,4,북항,외항,수출환적,9,신선대 부두,컨테이너부두,아국선,적컨,0,7839,6040,0,13879,19919
2024,11,4,북항,외항,수입환적,9,신선대 부두,컨테이너부두,아국선,적컨,0,6204,5217,0,11421,16638
2024,07,3,북항,외항,수출환적,9,신선대 부두,컨테이너부두,아국선,적컨,0,7277,5858,0,13135,18993
2024,07,3,북항,외항,수입환적,9,신선대 부두,컨테이너부두,아국선,적컨,0,4737,4844,0,9581,14425
2024,07,3,북항,외항,수출,9,신선대 부두,컨테이너부두,아국선,적컨,0,7331,5583,1,12915,18499.25
2024,07,3,북항,외항,수입,9,신선대 부두,컨테이너부두,아국선,적컨,0,5440,5645,0,11085,16730
2024,11,4,북항,외항,수출,9,신선대 부두,컨테이너부두,아국선,적컨,0,6476,5326,0,11802,17128
2024,11,4,북항,외항,수입,9,신선대 부두,컨테이너부두,아국선,적컨,0,5599,6107,0,11706,17813
2024,05,2,북항,외항,수출환적,9,신선대 부두,컨테이너부두,아국선,적컨,0,6412,5358,0,11770,17128
2024,09,3,북항,외항,수입환적,9,신선대 부두,컨테이너부두,아국선,적컨,0,5787,5231,0,11018,16249
2024,09,3,북항,외항,수출,9,신선대 부두,컨테이너부두,아국선,적컨,0,6223,4493,0,10716,15209
2024,09,3,북항,외항,수입,9,신선대 부두,컨테이너부두,아국선,적컨,0,5190,5129,0,10319,15448
2024,09,3,북항,외항,수출환적,9,신선대 부두,컨테이너부두,아국선,적컨,0,7047,5721,0,12768,18489
2024,12,4,북항,외항,수출환적,9,신선대 부두,컨테이너부두,아국선,적컨,0,7621,6493,0,14114,20607
2024,12,4,북항,외항,수입환적,9,신선대 부두,컨테이너부두,아국선,적컨,0,5604,5548,0,11152,16700
2024,08,3,신항,외항,수출,9,신항4부두,컨테이너부두,아국선,공컨,0,40,808,15,863,1689.75
2024,08,3,신항,외항,수입,9,신항4부두,컨테이너부두,아국선,공컨,0,300,630,0,930,1560
2024,10,4,신항,외항,수출환적,9,신항4부두,컨테이너부두,아국선,공컨,0,129,0,0,129,129
2024,10,4,신항,외항,수입환적,9,신항4부두,컨테이너부두,아국선,공컨,0,129,0,0,129,129
2024,10,4,신항,외항,수출,9,신항4부두,컨테이너부두,아국선,공컨,0,175,21,0,196,217
2024,10,4,신항,외항,수입,9,신항4부두,컨테이너부두,아국선,공컨,0,389,226,0,615,841
2024,02,1,신항,외항,수출환적,9,신항4부두,컨테이너부두,아국선,공컨,0,1,0,27,28,61.75
2024,02,1,신항,외항,수입환적,9,신항4부두,컨테이너부두,아국선,공컨,0,302,688,0,990,1678
2024,02,1,신항,외항,수출,9,신항4부두,컨테이너부두,아국선,공컨,0,2,270,0,272,542
2024,02,1,신항,외항,수입,9,신항4부두,컨테이너부두,아국선,공컨,0,443,398,0,841,1239
2024,06,2,신항,외항,수출환적,9,신항4부두,컨테이너부두,아국선,공컨,0,1,0,0,1,1
2024,06,2,신항,외항,수입환적,9,신항4부두,컨테이너부두,아국선,공컨,0,1,0,0,1,1
2024,06,2,신항,외항,수출,9,신항4부두,컨테이너부두,아국선,공컨,0,12,1,0,13,14
2024,06,2,신항,외항,수입,9,신항4부두,컨테이너부두,아국선,공컨,0,231,531,1,763,1295.25
2024,07,3,신항,외항,수출환적,9,신항4부두,컨테이너부두,아국선,공컨,0,4,399,0,403,802
2024,11,4,신항,외항,수출환적,9,신항4부두,컨테이너부두,아국선,공컨,0,0,692,47,739,1489.75
2024,11,4,신항,외항,수입환적,9,신항4부두,컨테이너부두,아국선,공컨,0,0,0,47,47,105.75
2024,11,4,신항,외항,수출,9,신항4부두,컨테이너부두,아국선,공컨,0,3,16,0,19,35
2024,11,4,신항,외항,수입,9,신항4부두,컨테이너부두,아국선,공컨,0,340,186,0,526,712
2024,07,3,신항,외항,수입환적,9,신항4부두,컨테이너부두,아국선,공컨,0,38,215,0,253,468
2024,07,3,신항,외항,수출,9,신항4부두,컨테이너부두,아국선,공컨,0,7,200,40,247,497
2024,07,3,신항,외항,수입,9,신항4부두,컨테이너부두,아국선,공컨,0,215,587,0,802,1389
2024,05,2,신항,외항,수출환적,9,신항4부두,컨테이너부두,아국선,공컨,0,1,0,0,1,1
2024,05,2,신항,외항,수입환적,9,신항4부두,컨테이너부두,아국선,공컨,0,10,450,0,460,910
2024,05,2,신항,외항,수출,9,신항4부두,컨테이너부두,아국선,공컨,0,18,152,0,170,322
2024,05,2,신항,외항,수입,9,신항4부두,컨테이너부두,아국선,공컨,0,720,598,42,1360,2010.5
2024,09,3,신항,외항,수출환적,9,신항4부두,컨테이너부두,아국선,공컨,0,34,114,0,148,262
2024,09,3,신항,외항,수출,9,신항4부두,컨테이너부두,아국선,공컨,0,4,4,0,8,12
2024,09,3,신항,외항,수입,9,신항4부두,컨테이너부두,아국선,공컨,0,31,142,0,173,315
2024,12,4,신항,외항,수출,9,신항4부두,컨테이너부두,아국선,공컨,0,1,1,0,2,3
2024,12,4,신항,외항,수입,9,신항4부두,컨테이너부두,아국선,공컨,0,302,287,1,590,878.25
2024,01,1,신항,외항,수출환적,9,신항4부두,컨테이너부두,아국선,공컨,0,597,1335,0,1932,3267
2024,01,1,신항,외항,수입환적,9,신항4부두,컨테이너부두,아국선,공컨,0,0,50,0,50,100
2024,01,1,신항,외항,수출,9,신항4부두,컨테이너부두,아국선,공컨,0,36,300,0,336,636
2024,01,1,신항,외항,수입,9,신항4부두,컨테이너부두,아국선,공컨,0,1156,102,0,1258,1360
2024,03,1,신항,외항,수출,9,신항4부두,컨테이너부두,아국선,적컨,0,0,1,0,1,2
2024,04,2,신항,외항,수출환적,9,신항4부두,컨테이너부두,아국선,적컨,0,388,497,17,902,1420.25
2024,04,2,신항,외항,수입환적,9,신항4부두,컨테이너부두,아국선,적컨,0,429,590,0,1019,1609
2024,04,2,신항,외항,수출,9,신항4부두,컨테이너부두,아국선,적컨,0,1066,889,86,2041,3037.5
2024,04,2,신항,외항,수입,9,신항4부두,컨테이너부두,아국선,적컨,0,458,502,0,960,1462
2024,08,3,신항,외항,수출환적,9,신항4부두,컨테이너부두,아국선,적컨,0,644,1354,7,2005,3367.75
2024,08,3,신항,외항,수입환적,9,신항4부두,컨테이너부두,아국선,적컨,0,425,950,3,1378,2331.75
2024,08,3,신항,외항,수출,9,신항4부두,컨테이너부두,아국선,적컨,0,968,1063,2,2033,3098.5
2024,08,3,신항,외항,수입,9,신항4부두,컨테이너부두,아국선,적컨,0,349,771,4,1124,1900
2024,10,4,신항,외항,수출환적,9,신항4부두,컨테이너부두,아국선,적컨,0,653,1859,11,2523,4395.75
2024,10,4,신항,외항,수입환적,9,신항4부두,컨테이너부두,아국선,적컨,0,160,1346,12,1518,2879
2024,10,4,신항,외항,수출,9,신항4부두,컨테이너부두,아국선,적컨,0,1077,1850,5,2932,4788.25
2024,10,4,신항,외항,수입,9,신항4부두,컨테이너부두,아국선,적컨,0,355,658,2,1015,1675.5
2024,02,1,신항,외항,수출환적,9,신항4부두,컨테이너부두,아국선,적컨,0,1054,2410,54,3518,5995.5
2024,02,1,신항,외항,수입환적,9,신항4부두,컨테이너부두,아국선,적컨,0,649,2141,29,2819,4996.25
2024,02,1,신항,외항,수출,9,신항4부두,컨테이너부두,아국선,적컨,0,2126,2156,1,4283,6440.25
2024,02,1,신항,외항,수입,9,신항4부두,컨테이너부두,아국선,적컨,0,592,774,1,1367,2142.25
2024,06,2,신항,외항,수출환적,9,신항4부두,컨테이너부두,아국선,적컨,0,992,3399,68,4459,7943
2024,06,2,신항,외항,수입환적,9,신항4부두,컨테이너부두,아국선,적컨,0,161,607,14,782,1406.5
2024,06,2,신항,외항,수출,9,신항4부두,컨테이너부두,아국선,적컨,0,1598,3166,7,4771,7945.75
2024,06,2,신항,외항,수입,9,신항4부두,컨테이너부두,아국선,적컨,0,383,373,0,756,1129
2024,07,3,신항,외항,수출환적,9,신항4부두,컨테이너부두,아국선,적컨,0,208,802,13,1023,1841.25
2024,11,4,신항,외항,수출환적,9,신항4부두,컨테이너부두,아국선,적컨,0,227,572,3,802,1377.75
2024,11,4,신항,외항,수입환적,9,신항4부두,컨테이너부두,아국선,적컨,0,130,442,0,572,1014
2024,11,4,신항,외항,수출,9,신항4부두,컨테이너부두,아국선,적컨,0,574,448,2,1024,1474.5
2024,11,4,신항,외항,수입,9,신항4부두,컨테이너부두,아국선,적컨,0,418,193,13,624,833.25
2024,07,3,신항,외항,수입환적,9,신항4부두,컨테이너부두,아국선,적컨,0,570,885,0,1455,2340
2024,07,3,신항,외항,수출,9,신항4부두,컨테이너부두,아국선,적컨,0,498,1784,8,2290,4084
2024,07,3,신항,외항,수입,9,신항4부두,컨테이너부두,아국선,적컨,0,714,566,0,1280,1846
2024,05,2,신항,외항,수출환적,9,신항4부두,컨테이너부두,아국선,적컨,0,1389,3620,103,5112,8860.75
2024,05,2,신항,외항,수입환적,9,신항4부두,컨테이너부두,아국선,적컨,0,1847,4707,119,6673,11528.75
2024,05,2,신항,외항,수출,9,신항4부두,컨테이너부두,아국선,적컨,0,2060,3597,31,5688,9323.75
2024,05,2,신항,외항,수입,9,신항4부두,컨테이너부두,아국선,적컨,0,754,1174,7,1935,3117.75
2024,12,4,신항,외항,수출환적,9,신항4부두,컨테이너부두,아국선,적컨,0,662,2949,107,3718,6800.75
2024,12,4,신항,외항,수입환적,9,신항4부두,컨테이너부두,아국선,적컨,0,381,2459,89,2929,5499.25
2024,09,3,신항,외항,수출환적,9,신항4부두,컨테이너부두,아국선,적컨,0,741,1874,38,2653,4574.5
2024,09,3,신항,외항,수입환적,9,신항4부두,컨테이너부두,아국선,적컨,0,661,1459,12,2132,3606
2024,09,3,신항,외항,수출,9,신항4부두,컨테이너부두,아국선,적컨,0,752,1543,43,2338,3934.75
2024,09,3,신항,외항,수입,9,신항4부두,컨테이너부두,아국선,적컨,0,512,384,0,896,1280
2024,12,4,신항,외항,수출,9,신항4부두,컨테이너부두,아국선,적컨,0,724,1733,7,2464,4205.75
2024,12,4,신항,외항,수입,9,신항4부두,컨테이너부두,아국선,적컨,0,134,651,4,789,1445
2024,12,4,북항,외항,수출,9,신선대 부두,컨테이너부두,아국선,적컨,0,7150,5550,0,12700,18250
2024,12,4,북항,외항,수입,9,신선대 부두,컨테이너부두,아국선,적컨,0,5902,6385,0,12287,18672
2024,01,1,북항,외항,수출환적,9,신선대 부두,컨테이너부두,아국선,적컨,0,7966,6981,0,14947,21928
2024,01,1,북항,외항,수입환적,9,신선대 부두,컨테이너부두,아국선,적컨,0,6522,6411,0,12933,19344
2024,01,1,북항,외항,수출,9,신선대 부두,컨테이너부두,아국선,적컨,0,7320,4989,0,12309,17298
2024,01,1,북항,외항,수입,9,신선대 부두,컨테이너부두,아국선,적컨,0,5793,7242,0,13035,20277
2024,05,2,북항,외항,수입환적,9,신선대 부두,컨테이너부두,아국선,적컨,0,4159,4765,0,8924,13689
2024,05,2,북항,외항,수출,9,신선대 부두,컨테이너부두,아국선,적컨,0,6641,4935,3,11579,16517.75
2024,05,2,북항,외항,수입,9,신선대 부두,컨테이너부두,아국선,적컨,0,5057,5306,0,10363,15669
2024,03,1,북항,외항,수출환적,10,7 부두,일반부두,외국선,공컨,0,0,10,0,10,20
2024,03,1,북항,외항,수입환적,10,7 부두,일반부두,외국선,공컨,0,0,2,0,2,4
2024,04,2,북항,외항,수출환적,10,7 부두,일반부두,외국선,공컨,0,0,2,0,2,4
2024,04,2,북항,외항,수출,10,7 부두,일반부두,외국선,공컨,0,1589,1393,0,2982,4375
2024,04,2,북항,외항,수입,10,7 부두,일반부두,외국선,공컨,0,497,1202,0,1699,2901
2024,03,1,북항,외항,수출,10,7 부두,일반부두,외국선,공컨,0,1194,1019,0,2213,3232
2024,03,1,북항,외항,수입,10,7 부두,일반부두,외국선,공컨,0,315,1097,0,1412,2509
2024,08,3,북항,외항,수출환적,10,7 부두,일반부두,외국선,공컨,0,3,91,0,94,185
2024,08,3,북항,외항,수출,10,7 부두,일반부두,외국선,공컨,0,637,472,0,1109,1581
2024,08,3,북항,외항,수입,10,7 부두,일반부두,외국선,공컨,0,362,606,0,968,1574
2024,10,4,북항,외항,수출환적,10,7 부두,일반부두,외국선,공컨,0,1,0,0,1,1
2024,10,4,북항,외항,수입환적,10,7 부두,일반부두,외국선,공컨,0,0,8,0,8,16
2024,10,4,북항,외항,수출,10,7 부두,일반부두,외국선,공컨,0,559,455,0,1014,1469
2024,10,4,북항,외항,수입,10,7 부두,일반부두,외국선,공컨,0,605,1035,0,1640,2675
2024,02,1,북항,외항,수출환적,10,7 부두,일반부두,외국선,공컨,0,1,48,0,49,97
2024,02,1,북항,외항,수입환적,10,7 부두,일반부두,외국선,공컨,0,5,40,0,45,85
2024,02,1,북항,외항,수출,10,7 부두,일반부두,외국선,공컨,0,401,155,0,556,711
2024,02,1,북항,외항,수입,10,7 부두,일반부두,외국선,공컨,0,351,429,0,780,1209
2024,06,2,북항,외항,수출환적,10,7 부두,일반부두,외국선,공컨,0,0,52,0,52,104
2024,06,2,북항,외항,수출,10,7 부두,일반부두,외국선,공컨,0,1636,981,0,2617,3598
2024,06,2,북항,외항,수입,10,7 부두,일반부두,외국선,공컨,0,534,1102,0,1636,2738
2024,11,4,북항,외항,수출환적,10,7 부두,일반부두,외국선,공컨,0,0,18,0,18,36
2024,11,4,북항,외항,수입환적,10,7 부두,일반부두,외국선,공컨,0,0,10,0,10,20
2024,07,3,북항,외항,수출환적,10,7 부두,일반부두,외국선,공컨,0,0,54,0,54,108
2024,07,3,북항,외항,수입환적,10,7 부두,일반부두,외국선,공컨,0,3,43,0,46,89
2024,07,3,북항,외항,수출,10,7 부두,일반부두,외국선,공컨,0,789,443,0,1232,1675
2024,07,3,북항,외항,수입,10,7 부두,일반부두,외국선,공컨,0,396,1237,0,1633,2870
2024,11,4,북항,외항,수출,10,7 부두,일반부두,외국선,공컨,0,1328,803,0,2131,2934
2024,11,4,북항,외항,수입,10,7 부두,일반부두,외국선,공컨,0,647,692,0,1339,2031
2024,09,3,북항,외항,수입환적,10,7 부두,일반부두,외국선,공컨,0,0,6,0,6,12
2024,09,3,북항,외항,수출,10,7 부두,일반부두,외국선,공컨,0,995,314,0,1309,1623
2024,09,3,북항,외항,수입,10,7 부두,일반부두,외국선,공컨,0,670,791,0,1461,2252
2024,09,3,북항,외항,수출환적,10,7 부두,일반부두,외국선,공컨,0,1,48,0,49,97
2024,12,4,북항,외항,수출환적,10,7 부두,일반부두,외국선,공컨,0,3,0,0,3,3
2024,12,4,북항,외항,수입환적,10,7 부두,일반부두,외국선,공컨,0,0,48,0,48,96
2024,12,4,북항,외항,수출,10,7 부두,일반부두,외국선,공컨,0,1548,1045,0,2593,3638
2024,12,4,북항,외항,수입,10,7 부두,일반부두,외국선,공컨,0,465,503,0,968,1471
2024,01,1,북항,외항,수입환적,10,7 부두,일반부두,외국선,공컨,0,1,48,0,49,97
2024,01,1,북항,외항,수출,10,7 부두,일반부두,외국선,공컨,0,392,254,0,646,900
2024,01,1,북항,외항,수입,10,7 부두,일반부두,외국선,공컨,0,362,741,0,1103,1844
2024,05,2,북항,외항,수입환적,10,7 부두,일반부두,외국선,공컨,0,1,47,0,48,95
2024,05,2,북항,외항,수출,10,7 부두,일반부두,외국선,공컨,0,1994,1575,0,3569,5144
2024,05,2,북항,외항,수입,10,7 부두,일반부두,외국선,공컨,0,629,954,0,1583,2537
2024,03,1,북항,외항,수출환적,10,7 부두,일반부두,외국선,적컨,0,197,504,0,701,1205
2024,03,1,북항,외항,수입환적,10,7 부두,일반부두,외국선,적컨,0,30,396,0,426,822
2024,04,2,북항,외항,수출환적,10,7 부두,일반부두,외국선,적컨,0,335,493,0,828,1321
2024,04,2,북항,외항,수입환적,10,7 부두,일반부두,외국선,적컨,0,46,55,0,101,156
2024,04,2,북항,외항,수출,10,7 부두,일반부두,외국선,적컨,0,180,914,0,1094,2008
2024,04,2,북항,외항,수입,10,7 부두,일반부두,외국선,적컨,0,1534,1120,0,2654,3774
2024,03,1,북항,외항,수출,10,7 부두,일반부두,외국선,적컨,0,199,1202,0,1401,2603
2024,03,1,북항,외항,수입,10,7 부두,일반부두,외국선,적컨,0,1138,975,0,2113,3088
2024,08,3,북항,외항,수출환적,10,7 부두,일반부두,외국선,적컨,0,624,524,0,1148,1672
2024,08,3,북항,외항,수입환적,10,7 부두,일반부두,외국선,적컨,0,191,156,0,347,503
2024,08,3,북항,외항,수출,10,7 부두,일반부두,외국선,적컨,0,360,1900,0,2260,4160
2024,08,3,북항,외항,수입,10,7 부두,일반부두,외국선,적컨,0,712,508,0,1220,1728
2024,10,4,북항,외항,수출환적,10,7 부두,일반부두,외국선,적컨,0,747,488,0,1235,1723
2024,10,4,북항,외항,수입환적,10,7 부두,일반부두,외국선,적컨,0,273,293,0,566,859
2024,10,4,북항,외항,수출,10,7 부두,일반부두,외국선,적컨,0,451,932,0,1383,2315
2024,10,4,북항,외항,수입,10,7 부두,일반부두,외국선,적컨,0,1097,841,0,1938,2779
2024,02,1,북항,외항,수출환적,10,7 부두,일반부두,외국선,적컨,0,532,1021,0,1553,2574
2024,02,1,북항,외항,수입환적,10,7 부두,일반부두,외국선,적컨,0,49,885,0,934,1819
2024,02,1,북항,외항,수출,10,7 부두,일반부두,외국선,적컨,0,147,432,0,579,1011
2024,02,1,북항,외항,수입,10,7 부두,일반부두,외국선,적컨,0,235,239,0,474,713
2024,06,2,북항,외항,수출환적,10,7 부두,일반부두,외국선,적컨,0,505,628,0,1133,1761
2024,06,2,북항,외항,수입환적,10,7 부두,일반부두,외국선,적컨,0,151,135,0,286,421
2024,06,2,북항,외항,수출,10,7 부두,일반부두,외국선,적컨,0,381,949,0,1330,2279
2024,06,2,북항,외항,수입,10,7 부두,일반부두,외국선,적컨,0,1552,833,0,2385,3218
2024,11,4,북항,외항,수출환적,10,7 부두,일반부두,외국선,적컨,0,637,439,0,1076,1515
2024,11,4,북항,외항,수입환적,10,7 부두,일반부두,외국선,적컨,0,283,381,0,664,1045
2024,07,3,북항,외항,수출환적,10,7 부두,일반부두,외국선,적컨,0,409,469,0,878,1347
2024,07,3,북항,외항,수입환적,10,7 부두,일반부두,외국선,적컨,0,141,212,0,353,565
2024,07,3,북항,외항,수출,10,7 부두,일반부두,외국선,적컨,0,417,1559,0,1976,3535
2024,01,1,신항,외항,수출환적,9,신항4부두,컨테이너부두,아국선,적컨,0,1011,956,8,1975,2941
2024,01,1,신항,외항,수입환적,9,신항4부두,컨테이너부두,아국선,적컨,0,750,2821,28,3599,6455
2024,01,1,신항,외항,수출,9,신항4부두,컨테이너부두,아국선,적컨,0,1011,1439,5,2455,3900.25
2024,01,1,신항,외항,수입,9,신항4부두,컨테이너부두,아국선,적컨,0,439,845,2,1286,2133.5
2024,03,1,신항,외항,수출환적,10,신항5부두,컨테이너부두,외국선,공컨,0,29,1105,0,1134,2239
2024,03,1,신항,외항,수입환적,10,신항5부두,컨테이너부두,외국선,공컨,0,39,232,0,271,503
2024,03,1,신항,외항,수출,10,신항5부두,컨테이너부두,외국선,공컨,0,146,1573,68,1787,3445
2024,03,1,신항,외항,수입,10,신항5부두,컨테이너부두,외국선,공컨,0,5933,11491,32,17456,28987
2024,04,2,신항,외항,수출환적,10,신항5부두,컨테이너부두,외국선,공컨,0,21,468,0,489,957
2024,04,2,신항,외항,수입환적,10,신항5부두,컨테이너부두,외국선,공컨,0,33,458,0,491,949
2024,04,2,신항,외항,수출,10,신항5부두,컨테이너부두,외국선,공컨,0,474,2709,54,3237,6013.5
2024,04,2,신항,외항,수입,10,신항5부두,컨테이너부두,외국선,공컨,0,5505,7688,69,13262,21036.25
2024,08,3,신항,외항,수출환적,10,신항5부두,컨테이너부두,외국선,공컨,0,38,1113,0,1151,2264
2024,08,3,신항,외항,수입환적,10,신항5부두,컨테이너부두,외국선,공컨,0,36,921,1,958,1880.25
2024,08,3,신항,외항,수출,10,신항5부두,컨테이너부두,외국선,공컨,0,209,1765,72,2046,3901
2024,08,3,신항,외항,수입,10,신항5부두,컨테이너부두,외국선,공컨,0,3305,8119,65,11489,19689.25
2024,10,4,신항,외항,수출환적,10,신항5부두,컨테이너부두,외국선,공컨,0,41,1290,0,1331,2621
2024,10,4,신항,외항,수입환적,10,신항5부두,컨테이너부두,외국선,공컨,0,39,1435,0,1474,2909
2024,10,4,신항,외항,수출,10,신항5부두,컨테이너부두,외국선,공컨,0,125,1971,87,2183,4262.75
2024,10,4,신항,외항,수입,10,신항5부두,컨테이너부두,외국선,공컨,0,2246,5409,92,7747,13271
2024,02,1,신항,외항,수출환적,10,신항5부두,컨테이너부두,외국선,공컨,0,14,274,0,288,562
2024,02,1,신항,외항,수입환적,10,신항5부두,컨테이너부두,외국선,공컨,0,27,798,0,825,1623
2024,02,1,신항,외항,수출,10,신항5부두,컨테이너부두,외국선,공컨,0,230,1271,0,1501,2772
2024,02,1,신항,외항,수입,10,신항5부두,컨테이너부두,외국선,공컨,0,4354,7056,47,11457,18571.75
2024,06,2,신항,외항,수출환적,10,신항5부두,컨테이너부두,외국선,공컨,0,117,282,0,399,681
2024,06,2,신항,외항,수입환적,10,신항5부두,컨테이너부두,외국선,공컨,0,177,1573,0,1750,3323
2024,06,2,신항,외항,수출,10,신항5부두,컨테이너부두,외국선,공컨,0,158,1542,20,1720,3287
2024,06,2,신항,외항,수입,10,신항5부두,컨테이너부두,외국선,공컨,0,4946,9536,30,14512,24085.5
2024,07,3,신항,외항,수출환적,10,신항5부두,컨테이너부두,외국선,공컨,0,80,1564,0,1644,3208
2024,11,4,신항,외항,수출환적,10,신항5부두,컨테이너부두,외국선,공컨,0,19,2239,0,2258,4497
2024,11,4,신항,외항,수입환적,10,신항5부두,컨테이너부두,외국선,공컨,0,36,1441,0,1477,2918
2024,11,4,신항,외항,수출,10,신항5부두,컨테이너부두,외국선,공컨,0,594,921,59,1574,2568.75
2024,11,4,신항,외항,수입,10,신항5부두,컨테이너부두,외국선,공컨,0,3443,5202,48,8693,13955
2024,07,3,신항,외항,수입환적,10,신항5부두,컨테이너부두,외국선,공컨,0,33,1326,0,1359,2685
2024,07,3,신항,외항,수출,10,신항5부두,컨테이너부두,외국선,공컨,0,466,2207,27,2700,4940.75
2024,07,3,신항,외항,수입,10,신항5부두,컨테이너부두,외국선,공컨,0,3214,8963,40,12217,21230
2024,05,2,신항,외항,수출환적,10,신항5부두,컨테이너부두,외국선,공컨,0,68,558,0,626,1184
2024,05,2,신항,외항,수입환적,10,신항5부두,컨테이너부두,외국선,공컨,0,106,816,10,932,1760.5
2024,05,2,신항,외항,수출,10,신항5부두,컨테이너부두,외국선,공컨,0,171,2031,175,2377,4626.75
2024,05,2,신항,외항,수입,10,신항5부두,컨테이너부두,외국선,공컨,0,3607,6873,158,10638,17708.5
2024,12,4,신항,외항,수출환적,10,신항5부두,컨테이너부두,외국선,공컨,10,104,1277,0,1391,2663
2024,12,4,신항,외항,수입환적,10,신항5부두,컨테이너부두,외국선,공컨,0,270,763,0,1033,1796
2024,09,3,신항,외항,수출환적,10,신항5부두,컨테이너부두,외국선,공컨,0,160,1210,34,1404,2656.5
2024,09,3,신항,외항,수입환적,10,신항5부두,컨테이너부두,외국선,공컨,0,204,2065,53,2322,4453.25
2024,09,3,신항,외항,수출,10,신항5부두,컨테이너부두,외국선,공컨,0,249,938,86,1273,2318.5
2024,09,3,신항,외항,수입,10,신항5부두,컨테이너부두,외국선,공컨,0,3412,8551,41,12004,20606.25
2024,12,4,신항,외항,수출,10,신항5부두,컨테이너부두,외국선,공컨,0,428,715,84,1227,2047
2024,12,4,신항,외항,수입,10,신항5부두,컨테이너부두,외국선,공컨,0,3697,7561,92,11350,19026
2024,01,1,신항,외항,수출환적,10,신항5부두,컨테이너부두,외국선,공컨,0,12,676,0,688,1364
2024,01,1,신항,외항,수입환적,10,신항5부두,컨테이너부두,외국선,공컨,0,5,441,2,448,891.5
2024,01,1,신항,외항,수출,10,신항5부두,컨테이너부두,외국선,공컨,0,261,1276,23,1560,2864.75
2024,01,1,신항,외항,수입,10,신항5부두,컨테이너부두,외국선,공컨,0,6087,7467,41,13595,21113.25
2024,03,1,신항,외항,수출환적,10,신항5부두,컨테이너부두,외국선,적컨,0,9780,26539,119,36438,63125.75
2024,03,1,신항,외항,수입환적,10,신항5부두,컨테이너부두,외국선,적컨,0,7991,20454,105,28550,49135.25
2024,03,1,신항,외항,수출,10,신항5부두,컨테이너부두,외국선,적컨,0,9234,16285,20,25539,41849
2024,03,1,신항,외항,수입,10,신항5부두,컨테이너부두,외국선,적컨,0,4209,11107,13,15329,26452.25
2024,04,2,신항,외항,수출환적,10,신항5부두,컨테이너부두,외국선,적컨,0,8402,22178,197,30777,53201.25
2024,04,2,신항,외항,수입환적,10,신항5부두,컨테이너부두,외국선,적컨,0,7769,21602,192,29563,51405
2024,04,2,신항,외항,수출,10,신항5부두,컨테이너부두,외국선,적컨,0,9123,15935,33,25091,41067.25
2024,04,2,신항,외항,수입,10,신항5부두,컨테이너부두,외국선,적컨,0,4050,10322,33,14405,24768.25
2024,08,3,신항,외항,수출환적,10,신항5부두,컨테이너부두,외국선,적컨,0,7819,29805,218,37842,67919.5
2024,08,3,신항,외항,수입환적,10,신항5부두,컨테이너부두,외국선,적컨,0,7419,28566,184,36169,64965
2024,08,3,신항,외항,수출,10,신항5부두,컨테이너부두,외국선,적컨,0,7599,14212,23,21834,36074.75
2024,08,3,신항,외항,수입,10,신항5부두,컨테이너부두,외국선,적컨,0,3432,7448,18,10898,18368.5
2024,10,4,신항,외항,수출환적,10,신항5부두,컨테이너부두,외국선,적컨,0,5999,23723,177,29899,53843.25
2024,10,4,신항,외항,수입환적,10,신항5부두,컨테이너부두,외국선,적컨,0,7864,24730,191,32785,57753.75
2024,10,4,신항,외항,수출,10,신항5부두,컨테이너부두,외국선,적컨,0,8498,15201,23,23722,38951.75
2024,10,4,신항,외항,수입,10,신항5부두,컨테이너부두,외국선,적컨,0,3449,7457,35,10941,18441.75
2024,02,1,신항,외항,수출환적,10,신항5부두,컨테이너부두,외국선,적컨,0,7745,25979,200,33924,60153
2024,02,1,신항,외항,수입환적,10,신항5부두,컨테이너부두,외국선,적컨,0,10026,25758,127,35911,61827.75
2024,02,1,신항,외항,수출,10,신항5부두,컨테이너부두,외국선,적컨,0,9259,14109,37,23405,37560.25
2024,02,1,신항,외항,수입,10,신항5부두,컨테이너부두,외국선,적컨,0,2752,6687,10,9449,16148.5
2024,06,2,신항,외항,수출환적,10,신항5부두,컨테이너부두,외국선,적컨,0,6779,21171,152,28102,49463
2024,06,2,신항,외항,수입환적,10,신항5부두,컨테이너부두,외국선,적컨,0,7153,20287,197,27637,48170.25
2024,07,3,북항,외항,수입,10,7 부두,일반부두,외국선,적컨,0,621,486,0,1107,1593
2024,11,4,북항,외항,수출,10,7 부두,일반부두,외국선,적컨,0,407,1026,0,1433,2459
2024,11,4,북항,외항,수입,10,7 부두,일반부두,외국선,적컨,0,1183,1201,0,2384,3585
2024,05,2,북항,외항,수출환적,10,7 부두,일반부두,외국선,적컨,0,424,477,0,901,1378
2024,09,3,북항,외항,수입환적,10,7 부두,일반부두,외국선,적컨,0,208,116,0,324,440
2024,09,3,북항,외항,수출,10,7 부두,일반부두,외국선,적컨,0,183,515,0,698,1213
2024,09,3,북항,외항,수입,10,7 부두,일반부두,외국선,적컨,0,503,473,0,976,1449
2024,09,3,북항,외항,수출환적,10,7 부두,일반부두,외국선,적컨,0,520,377,0,897,1274
2024,12,4,북항,외항,수출환적,10,7 부두,일반부두,외국선,적컨,0,551,503,0,1054,1557
2024,12,4,북항,외항,수입환적,10,7 부두,일반부두,외국선,적컨,0,234,182,0,416,598
2024,12,4,북항,외항,수출,10,7 부두,일반부두,외국선,적컨,0,336,428,0,764,1192
2024,12,4,북항,외항,수입,10,7 부두,일반부두,외국선,적컨,0,1087,1068,0,2155,3223
2024,01,1,북항,외항,수출환적,10,7 부두,일반부두,외국선,적컨,0,72,259,0,331,590
2024,01,1,북항,외항,수입환적,10,7 부두,일반부두,외국선,적컨,0,46,261,0,307,568
2024,01,1,북항,외항,수출,10,7 부두,일반부두,외국선,적컨,0,206,697,0,903,1600
2024,01,1,북항,외항,수입,10,7 부두,일반부두,외국선,적컨,0,454,303,0,757,1060
2024,05,2,북항,외항,수입환적,10,7 부두,일반부두,외국선,적컨,0,145,93,0,238,331
2024,05,2,북항,외항,수출,10,7 부두,일반부두,외국선,적컨,0,184,911,0,1095,2006
2024,05,2,북항,외항,수입,10,7 부두,일반부두,외국선,적컨,0,1345,1051,0,2396,3447
2024,04,2,북항,외항,수출,10,7 부두,일반부두,아국선,공컨,0,406,262,0,668,930
2024,03,1,북항,외항,수출,10,7 부두,일반부두,아국선,공컨,0,161,199,0,360,559
2024,05,2,북항,외항,수출,10,7 부두,일반부두,아국선,공컨,0,341,168,0,509,677
2024,03,1,북항,외항,수출환적,10,7 부두,일반부두,아국선,적컨,0,59,71,0,130,201
2024,03,1,북항,외항,수입환적,10,7 부두,일반부두,아국선,적컨,0,84,74,0,158,232
2024,04,2,북항,외항,수출환적,10,7 부두,일반부두,아국선,적컨,0,84,18,0,102,120
2024,04,2,북항,외항,수입환적,10,7 부두,일반부두,아국선,적컨,0,157,95,0,252,347
2024,04,2,북항,외항,수출,10,7 부두,일반부두,아국선,적컨,0,89,107,0,196,303
2024,04,2,북항,외항,수입,10,7 부두,일반부두,아국선,적컨,0,424,382,0,806,1188
2024,03,1,북항,외항,수출,10,7 부두,일반부두,아국선,적컨,0,86,79,0,165,244
2024,03,1,북항,외항,수입,10,7 부두,일반부두,아국선,적컨,0,341,261,0,602,863
2024,07,3,북항,외항,수출환적,10,7 부두,일반부두,아국선,적컨,0,0,2,0,2,4
2024,11,4,북항,외항,수출,10,7 부두,일반부두,아국선,적컨,0,7,0,0,7,7
2024,05,2,북항,외항,수출환적,10,7 부두,일반부두,아국선,적컨,0,9,62,0,71,133
2024,05,2,북항,외항,수입환적,10,7 부두,일반부두,아국선,적컨,0,181,81,0,262,343
2024,05,2,북항,외항,수출,10,7 부두,일반부두,아국선,적컨,0,89,48,0,137,185
2024,05,2,북항,외항,수입,10,7 부두,일반부두,아국선,적컨,0,505,347,0,852,1199
2024,11,4,북항,외항,수입,15,E 박지,일반부두,아국선,공컨,0,38,29,0,67,96
2024,11,4,북항,외항,수입환적,15,E 박지,일반부두,아국선,적컨,0,34,51,0,85,136
2024,07,3,북항,외항,수입,15,E 박지,일반부두,아국선,적컨,0,0,5,0,5,10
2024,11,4,북항,외항,수입,15,E 박지,일반부두,아국선,적컨,0,2,11,0,13,24
2024,12,4,북항,외항,수입환적,15,E 박지,일반부두,아국선,적컨,0,151,15,0,166,181
2024,03,1,북항,외항,수입환적,16,M 박지,일반부두,외국선,적컨,0,25,45,0,70,115
2024,03,1,북항,외항,수입,16,M 박지,일반부두,외국선,적컨,0,11,39,0,50,89
2024,08,3,북항,외항,수입,16,M 박지,일반부두,아국선,공컨,0,0,3,0,3,6
2024,07,3,북항,외항,수입,16,M 박지,일반부두,아국선,공컨,0,1,1,0,2,3
2024,08,3,북항,외항,수입환적,16,M 박지,일반부두,아국선,적컨,0,9,11,0,20,31
2024,08,3,북항,외항,수입,16,M 박지,일반부두,아국선,적컨,0,13,13,0,26,39
2024,07,3,북항,외항,수입환적,16,M 박지,일반부두,아국선,적컨,0,27,8,0,35,43
2024,07,3,북항,외항,수입,16,M 박지,일반부두,아국선,적컨,0,6,12,0,18,30
2024,03,1,북항,외항,수입,18,남외항 박지,일반부두,외국선,공컨,0,0,20,0,20,40
2024,02,1,북항,외항,수입환적,18,남외항 박지,일반부두,외국선,공컨,0,0,1,0,1,2
2024,11,4,북항,외항,수입환적,18,남외항 박지,일반부두,외국선,공컨,0,1,0,0,1,1
2024,07,3,북항,외항,수출,18,남외항 박지,일반부두,외국선,공컨,0,51,50,0,101,151
2024,09,3,북항,외항,수입,18,남외항 박지,일반부두,외국선,공컨,0,1,0,0,1,1
2024,09,3,북항,외항,수입환적,18,남외항 박지,일반부두,외국선,공컨,0,0,1,0,1,2
2024,01,1,북항,외항,수입환적,18,남외항 박지,일반부두,외국선,공컨,0,3,0,0,3,3
2024,01,1,북항,외항,수입,18,남외항 박지,일반부두,외국선,공컨,0,3,4,0,7,11
2024,05,2,북항,외항,수입,18,남외항 박지,일반부두,외국선,공컨,0,0,1,0,1,2
2024,03,1,북항,외항,수입환적,18,남외항 박지,일반부두,외국선,적컨,0,1,14,0,15,29
2024,03,1,북항,외항,수입,18,남외항 박지,일반부두,외국선,적컨,0,0,3,0,3,6
2024,02,1,북항,외항,수입환적,18,남외항 박지,일반부두,외국선,적컨,0,191,66,0,257,323
2024,02,1,북항,외항,수입,18,남외항 박지,일반부두,외국선,적컨,0,53,85,0,138,223
2024,11,4,북항,외항,수입환적,18,남외항 박지,일반부두,외국선,적컨,0,13,27,0,40,67
2024,07,3,북항,외항,수출환적,18,남외항 박지,일반부두,외국선,적컨,0,109,40,0,149,189
2024,07,3,북항,외항,수출,18,남외항 박지,일반부두,외국선,적컨,0,55,29,0,84,113
2024,11,4,북항,외항,수입,18,남외항 박지,일반부두,외국선,적컨,0,25,34,0,59,93
2024,05,2,북항,외항,수출환적,18,남외항 박지,일반부두,외국선,적컨,0,51,60,2,113,175.5
2024,09,3,북항,외항,수입,18,남외항 박지,일반부두,외국선,적컨,0,32,37,0,69,106
2024,09,3,북항,외항,수입환적,18,남외항 박지,일반부두,외국선,적컨,0,135,26,0,161,187
2024,12,4,북항,외항,수입,18,남외항 박지,일반부두,외국선,적컨,0,0,1,0,1,2
2024,01,1,북항,외항,수출환적,18,남외항 박지,일반부두,외국선,적컨,0,0,6,0,6,12
2024,01,1,북항,외항,수입환적,18,남외항 박지,일반부두,외국선,적컨,0,21,140,0,161,301
2024,01,1,북항,외항,수입,18,남외항 박지,일반부두,외국선,적컨,0,17,6,0,23,29
2024,05,2,북항,외항,수출,18,남외항 박지,일반부두,외국선,적컨,0,81,159,0,240,399
2024,04,2,북항,외항,수입,18,남외항 박지,일반부두,아국선,공컨,0,87,25,0,112,137
2024,03,1,북항,외항,수입,18,남외항 박지,일반부두,아국선,공컨,0,0,30,0,30,60
2024,02,1,북항,외항,수입환적,18,남외항 박지,일반부두,아국선,공컨,0,2,0,0,2,2
2024,02,1,북항,외항,수입,18,남외항 박지,일반부두,아국선,공컨,0,140,0,0,140,140
2024,06,2,북항,외항,수입,18,남외항 박지,일반부두,아국선,공컨,0,16,0,0,16,16
2024,07,3,북항,외항,수입,18,남외항 박지,일반부두,아국선,공컨,0,15,0,0,15,15
2024,03,1,북항,외항,수입환적,18,남외항 박지,일반부두,아국선,적컨,0,48,41,0,89,130
2024,04,2,북항,외항,수입환적,18,남외항 박지,일반부두,아국선,적컨,0,46,100,0,146,246
2024,06,2,신항,외항,수출,10,신항5부두,컨테이너부두,외국선,적컨,0,9640,16589,24,26253,42872
2024,06,2,신항,외항,수입,10,신항5부두,컨테이너부두,외국선,적컨,0,5044,9908,21,14973,24907.25
2024,07,3,신항,외항,수출환적,10,신항5부두,컨테이너부두,외국선,적컨,0,7132,21518,157,28807,50521.25
2024,11,4,신항,외항,수출환적,10,신항5부두,컨테이너부두,외국선,적컨,0,7861,24577,198,32636,57460.5
2024,11,4,신항,외항,수입환적,10,신항5부두,컨테이너부두,외국선,적컨,0,7919,22068,163,30150,52421.75
2024,11,4,신항,외항,수출,10,신항5부두,컨테이너부두,외국선,적컨,0,8022,12940,46,21008,34005.5
2024,11,4,신항,외항,수입,10,신항5부두,컨테이너부두,외국선,적컨,0,3167,5931,19,9117,15071.75
2024,07,3,신항,외항,수입환적,10,신항5부두,컨테이너부두,외국선,적컨,0,6872,20376,125,27373,47905.25
2024,07,3,신항,외항,수출,10,신항5부두,컨테이너부두,외국선,적컨,0,9017,15368,42,24427,39847.5
2024,07,3,신항,외항,수입,10,신항5부두,컨테이너부두,외국선,적컨,0,3746,7663,12,11421,19099
2024,05,2,신항,외항,수출환적,10,신항5부두,컨테이너부두,외국선,적컨,0,8380,27598,265,36243,64172.25
2024,05,2,신항,외항,수입환적,10,신항5부두,컨테이너부두,외국선,적컨,0,8490,27554,261,36305,64185.25
2024,05,2,신항,외항,수출,10,신항5부두,컨테이너부두,외국선,적컨,0,9335,15572,32,24939,40551
2024,05,2,신항,외항,수입,10,신항5부두,컨테이너부두,외국선,적컨,0,4030,8627,8,12665,21302
2024,12,4,신항,외항,수출환적,10,신항5부두,컨테이너부두,외국선,적컨,0,8378,25080,183,33641,58949.75
2024,12,4,신항,외항,수입환적,10,신항5부두,컨테이너부두,외국선,적컨,0,9445,25746,204,35395,61396
2024,09,3,신항,외항,수출환적,10,신항5부두,컨테이너부두,외국선,적컨,0,6127,23972,211,30310,54545.75
2024,09,3,신항,외항,수입환적,10,신항5부두,컨테이너부두,외국선,적컨,0,6715,23008,205,29928,53192.25
2024,09,3,신항,외항,수출,10,신항5부두,컨테이너부두,외국선,적컨,0,6732,13776,18,20526,34324.5
2024,09,3,신항,외항,수입,10,신항5부두,컨테이너부두,외국선,적컨,0,3190,6125,26,9341,15498.5
2024,12,4,신항,외항,수출,10,신항5부두,컨테이너부두,외국선,적컨,0,8679,14539,8,23226,37775
2024,12,4,신항,외항,수입,10,신항5부두,컨테이너부두,외국선,적컨,0,3397,6913,18,10328,17263.5
2024,01,1,신항,외항,수출환적,10,신항5부두,컨테이너부두,외국선,적컨,0,7105,23301,250,30656,54269.5
2024,01,1,신항,외항,수입환적,10,신항5부두,컨테이너부두,외국선,적컨,0,8543,23697,229,32469,56452.25
2024,01,1,신항,외항,수출,10,신항5부두,컨테이너부두,외국선,적컨,0,8447,12934,77,21458,34488.25
2024,01,1,신항,외항,수입,10,신항5부두,컨테이너부두,외국선,적컨,0,3850,8516,21,12387,20929.25
2024,03,1,신항,외항,수출환적,10,신항5부두,컨테이너부두,아국선,공컨,0,6,15,0,21,36
2024,03,1,신항,외항,수입환적,10,신항5부두,컨테이너부두,아국선,공컨,0,0,51,0,51,102
2024,03,1,신항,외항,수출,10,신항5부두,컨테이너부두,아국선,공컨,0,2,18,0,20,38
2024,03,1,신항,외항,수입,10,신항5부두,컨테이너부두,아국선,공컨,0,32,137,0,169,306
2024,04,2,신항,외항,수출환적,10,신항5부두,컨테이너부두,아국선,공컨,0,10,20,0,30,50
2024,04,2,신항,외항,수입환적,10,신항5부두,컨테이너부두,아국선,공컨,0,2,68,0,70,138
2024,04,2,신항,외항,수출,10,신항5부두,컨테이너부두,아국선,공컨,0,13,141,0,154,295
2024,04,2,신항,외항,수입,10,신항5부두,컨테이너부두,아국선,공컨,0,79,116,0,195,311
2024,08,3,신항,외항,수출환적,10,신항5부두,컨테이너부두,아국선,공컨,0,2,10,0,12,22
2024,08,3,신항,외항,수입환적,10,신항5부두,컨테이너부두,아국선,공컨,0,2,76,0,78,154
2024,08,3,신항,외항,수출,10,신항5부두,컨테이너부두,아국선,공컨,0,0,130,0,130,260
2024,08,3,신항,외항,수입,10,신항5부두,컨테이너부두,아국선,공컨,0,30,336,0,366,702
2024,10,4,신항,외항,수입환적,10,신항5부두,컨테이너부두,아국선,공컨,0,15,31,1,47,79.25
2024,10,4,신항,외항,수출,10,신항5부두,컨테이너부두,아국선,공컨,0,3,160,0,163,323
2024,10,4,신항,외항,수입,10,신항5부두,컨테이너부두,아국선,공컨,0,29,252,0,281,533
2024,02,1,신항,외항,수출환적,10,신항5부두,컨테이너부두,아국선,공컨,0,5,0,0,5,5
2024,02,1,신항,외항,수입환적,10,신항5부두,컨테이너부두,아국선,공컨,0,1,83,0,84,167
2024,02,1,신항,외항,수출,10,신항5부두,컨테이너부두,아국선,공컨,0,0,35,0,35,70
2024,02,1,신항,외항,수입,10,신항5부두,컨테이너부두,아국선,공컨,0,28,31,0,59,90
2024,06,2,신항,외항,수출환적,10,신항5부두,컨테이너부두,아국선,공컨,0,1,0,0,1,1
2024,06,2,신항,외항,수입환적,10,신항5부두,컨테이너부두,아국선,공컨,0,7,83,0,90,173
2024,06,2,신항,외항,수출,10,신항5부두,컨테이너부두,아국선,공컨,0,1,80,0,81,161
2024,06,2,신항,외항,수입,10,신항5부두,컨테이너부두,아국선,공컨,0,61,64,0,125,189
2024,11,4,신항,외항,수입환적,10,신항5부두,컨테이너부두,아국선,공컨,0,0,31,0,31,62
2024,11,4,신항,외항,수출,10,신항5부두,컨테이너부두,아국선,공컨,0,0,50,0,50,100
2024,11,4,신항,외항,수입,10,신항5부두,컨테이너부두,아국선,공컨,0,24,306,0,330,636
2024,07,3,신항,외항,수입환적,10,신항5부두,컨테이너부두,아국선,공컨,0,3,30,0,33,63
2024,07,3,신항,외항,수출,10,신항5부두,컨테이너부두,아국선,공컨,0,7,135,0,142,277
2024,07,3,신항,외항,수입,10,신항5부두,컨테이너부두,아국선,공컨,0,10,150,0,160,310
2024,05,2,신항,외항,수입환적,10,신항5부두,컨테이너부두,아국선,공컨,0,1,51,0,52,103
2024,05,2,신항,외항,수입,10,신항5부두,컨테이너부두,아국선,공컨,0,115,70,0,185,255
2024,12,4,신항,외항,수입환적,10,신항5부두,컨테이너부두,아국선,공컨,0,2,27,0,29,56
2024,09,3,신항,외항,수입환적,10,신항5부두,컨테이너부두,아국선,공컨,0,1,34,0,35,69
2024,09,3,신항,외항,수출,10,신항5부두,컨테이너부두,아국선,공컨,0,0,45,0,45,90
2024,09,3,신항,외항,수입,10,신항5부두,컨테이너부두,아국선,공컨,0,47,115,0,162,277
2024,12,4,신항,외항,수출,10,신항5부두,컨테이너부두,아국선,공컨,0,0,127,0,127,254
2024,12,4,신항,외항,수입,10,신항5부두,컨테이너부두,아국선,공컨,0,8,301,0,309,610
2024,01,1,신항,외항,수입환적,10,신항5부두,컨테이너부두,아국선,공컨,0,1,19,0,20,39
2024,01,1,신항,외항,수출,10,신항5부두,컨테이너부두,아국선,공컨,0,1,28,0,29,57
2024,01,1,신항,외항,수입,10,신항5부두,컨테이너부두,아국선,공컨,0,40,122,0,162,284
2024,03,1,신항,외항,수출환적,10,신항5부두,컨테이너부두,아국선,적컨,0,111,327,0,438,765
2024,03,1,신항,외항,수입환적,10,신항5부두,컨테이너부두,아국선,적컨,0,174,721,0,895,1616
2024,03,1,신항,외항,수출,10,신항5부두,컨테이너부두,아국선,적컨,0,0,2,0,2,4
2024,03,1,신항,외항,수입,10,신항5부두,컨테이너부두,아국선,적컨,0,6,12,0,18,30
2024,04,2,신항,외항,수출환적,10,신항5부두,컨테이너부두,아국선,적컨,0,101,156,0,257,413
2024,04,2,신항,외항,수입환적,10,신항5부두,컨테이너부두,아국선,적컨,0,157,601,0,758,1359
2024,04,2,신항,외항,수출,10,신항5부두,컨테이너부두,아국선,적컨,0,0,7,0,7,14
2024,04,2,신항,외항,수입,10,신항5부두,컨테이너부두,아국선,적컨,0,6,18,0,24,42
2024,08,3,신항,외항,수출환적,10,신항5부두,컨테이너부두,아국선,적컨,0,213,619,2,834,1455.5
2024,08,3,신항,외항,수입환적,10,신항5부두,컨테이너부두,아국선,적컨,0,212,575,0,787,1362
2024,04,2,북항,외항,수입,18,남외항 박지,일반부두,아국선,적컨,0,73,43,0,116,159
2024,03,1,북항,외항,수입,18,남외항 박지,일반부두,아국선,적컨,0,49,50,0,99,149
2024,02,1,북항,외항,수입환적,18,남외항 박지,일반부두,아국선,적컨,0,34,40,0,74,114
2024,02,1,북항,외항,수입,18,남외항 박지,일반부두,아국선,적컨,0,40,54,0,94,148
2024,06,2,북항,외항,수입환적,18,남외항 박지,일반부두,아국선,적컨,0,49,42,0,91,133
2024,06,2,북항,외항,수입,18,남외항 박지,일반부두,아국선,적컨,0,40,57,0,97,154
2024,11,4,북항,외항,수입환적,18,남외항 박지,일반부두,아국선,적컨,0,14,48,0,62,110
2024,07,3,북항,외항,수입환적,18,남외항 박지,일반부두,아국선,적컨,0,13,9,0,22,31
2024,07,3,북항,외항,수입,18,남외항 박지,일반부두,아국선,적컨,0,2,5,0,7,12
2024,11,4,북항,외항,수입,18,남외항 박지,일반부두,아국선,적컨,0,12,33,0,45,78
2024,09,3,북항,외항,수입환적,18,남외항 박지,일반부두,아국선,적컨,0,173,1,0,174,175
2024,03,1,북항,외항,수출,22,감만부두,컨테이너부두,외국선,공컨,0,3731,5582,11,9324,14919.75
2024,03,1,북항,외항,수출환적,22,감만부두,컨테이너부두,외국선,공컨,0,1,255,0,256,511
2024,03,1,북항,외항,수입환적,22,감만부두,컨테이너부두,외국선,공컨,0,3,176,0,179,355
2024,04,2,북항,외항,수출환적,22,감만부두,컨테이너부두,외국선,공컨,0,29,26,0,55,81
2024,04,2,북항,외항,수입환적,22,감만부두,컨테이너부두,외국선,공컨,0,44,73,0,117,190
2024,04,2,북항,외항,수출,22,감만부두,컨테이너부두,외국선,공컨,0,4328,5256,0,9584,14840
2024,04,2,북항,외항,수입,22,감만부두,컨테이너부두,외국선,공컨,0,3580,2278,2,5860,8140.5
2024,03,1,북항,외항,수입,22,감만부두,컨테이너부두,외국선,공컨,0,3998,2513,23,6534,9075.75
2024,08,3,북항,외항,수출환적,22,감만부두,컨테이너부두,외국선,공컨,0,3,4,0,7,11
2024,08,3,북항,외항,수입환적,22,감만부두,컨테이너부두,외국선,공컨,0,38,94,0,132,226
2024,08,3,북항,외항,수출,22,감만부두,컨테이너부두,외국선,공컨,0,5241,5687,0,10928,16615
2024,08,3,북항,외항,수입,22,감만부두,컨테이너부두,외국선,공컨,0,2597,2306,0,4903,7209
2024,10,4,북항,외항,수출환적,22,감만부두,컨테이너부두,외국선,공컨,0,132,27,0,159,186
2024,10,4,북항,외항,수입환적,22,감만부두,컨테이너부두,외국선,공컨,0,60,389,0,449,838
2024,10,4,북항,외항,수출,22,감만부두,컨테이너부두,외국선,공컨,0,3569,4460,0,8029,12489
2024,10,4,북항,외항,수입,22,감만부두,컨테이너부두,외국선,공컨,0,2754,2521,0,5275,7796
2024,02,1,북항,외항,수출환적,22,감만부두,컨테이너부두,외국선,공컨,0,28,40,0,68,108
2024,02,1,북항,외항,수입환적,22,감만부두,컨테이너부두,외국선,공컨,0,46,271,0,317,588
2024,02,1,북항,외항,수출,22,감만부두,컨테이너부두,외국선,공컨,0,2875,4065,0,6940,11005
2024,02,1,북항,외항,수입,22,감만부두,컨테이너부두,외국선,공컨,0,2964,1702,27,4693,6428.75
2024,06,2,북항,외항,수출환적,22,감만부두,컨테이너부두,외국선,공컨,0,23,251,0,274,525
2024,06,2,북항,외항,수입환적,22,감만부두,컨테이너부두,외국선,공컨,0,11,205,0,216,421
2024,06,2,북항,외항,수출,22,감만부두,컨테이너부두,외국선,공컨,0,4611,5498,0,10109,15607
2024,06,2,북항,외항,수입,22,감만부두,컨테이너부두,외국선,공컨,0,3514,2432,3,5949,8384.75
2024,11,4,북항,외항,수출환적,22,감만부두,컨테이너부두,외국선,공컨,0,81,131,0,212,343
2024,11,4,북항,외항,수입환적,22,감만부두,컨테이너부두,외국선,공컨,0,86,377,0,463,840
2024,11,4,북항,외항,수출,22,감만부두,컨테이너부두,외국선,공컨,0,4071,5603,0,9674,15277
2024,07,3,북항,외항,수출환적,22,감만부두,컨테이너부두,외국선,공컨,0,36,107,0,143,250
2024,07,3,북항,외항,수입환적,22,감만부두,컨테이너부두,외국선,공컨,0,279,161,0,440,601
2024,07,3,북항,외항,수출,22,감만부두,컨테이너부두,외국선,공컨,0,4492,5689,0,10181,15870
2024,07,3,북항,외항,수입,22,감만부두,컨테이너부두,외국선,공컨,0,4015,2641,8,6664,9315
2024,11,4,북항,외항,수입,22,감만부두,컨테이너부두,외국선,공컨,0,3131,2708,0,5839,8547
2024,05,2,북항,외항,수출환적,22,감만부두,컨테이너부두,외국선,공컨,0,7,86,0,93,179
2024,09,3,북항,외항,수출,22,감만부두,컨테이너부두,외국선,공컨,0,3013,3656,0,6669,10325
2024,09,3,북항,외항,수입,22,감만부두,컨테이너부두,외국선,공컨,0,1986,1710,1,3697,5408.25
2024,09,3,북항,외항,수출환적,22,감만부두,컨테이너부두,외국선,공컨,0,87,0,0,87,87
2024,09,3,북항,외항,수입환적,22,감만부두,컨테이너부두,외국선,공컨,0,176,15,0,191,206
2024,12,4,북항,외항,수출환적,22,감만부두,컨테이너부두,외국선,공컨,0,110,231,0,341,572
2024,12,4,북항,외항,수입환적,22,감만부두,컨테이너부두,외국선,공컨,0,107,72,0,179,251
2024,12,4,북항,외항,수출,22,감만부두,컨테이너부두,외국선,공컨,0,4987,4662,20,9669,14356
2024,12,4,북항,외항,수입,22,감만부두,컨테이너부두,외국선,공컨,0,3978,3028,21,7027,10081.25
2024,01,1,북항,외항,수출환적,22,감만부두,컨테이너부두,외국선,공컨,0,23,22,0,45,67
2024,01,1,북항,외항,수입환적,22,감만부두,컨테이너부두,외국선,공컨,0,7,36,0,43,79
2024,01,1,북항,외항,수출,22,감만부두,컨테이너부두,외국선,공컨,0,3608,4973,0,8581,13554
2024,01,1,북항,외항,수입,22,감만부두,컨테이너부두,외국선,공컨,0,3970,2848,5,6823,9677.25
2024,05,2,북항,외항,수입환적,22,감만부두,컨테이너부두,외국선,공컨,0,2,45,0,47,92
2024,05,2,북항,외항,수출,22,감만부두,컨테이너부두,외국선,공컨,0,4933,4980,0,9913,14893
2024,05,2,북항,외항,수입,22,감만부두,컨테이너부두,외국선,공컨,0,2823,1877,1,4701,6579.25
2024,03,1,북항,외항,수출,22,감만부두,컨테이너부두,외국선,적컨,0,10293,7676,1,17970,25647.25
2024,03,1,북항,외항,수출환적,22,감만부두,컨테이너부두,외국선,적컨,0,2873,2377,0,5250,7627
2024,03,1,북항,외항,수입환적,22,감만부두,컨테이너부두,외국선,적컨,0,3115,3165,0,6280,9445
2024,04,2,북항,외항,수출환적,22,감만부두,컨테이너부두,외국선,적컨,0,3128,2914,0,6042,8956
2024,04,2,북항,외항,수입환적,22,감만부두,컨테이너부두,외국선,적컨,0,3831,3581,0,7412,10993
2024,04,2,북항,외항,수출,22,감만부두,컨테이너부두,외국선,적컨,0,10760,7824,1,18585,26410.25
2024,04,2,북항,외항,수입,22,감만부두,컨테이너부두,외국선,적컨,0,12157,11159,0,23316,34475
2024,03,1,북항,외항,수입,22,감만부두,컨테이너부두,외국선,적컨,0,11895,11242,10,23147,34401.5
2024,08,3,북항,외항,수출환적,22,감만부두,컨테이너부두,외국선,적컨,0,1945,1848,0,3793,5641
2024,08,3,북항,외항,수입환적,22,감만부두,컨테이너부두,외국선,적컨,0,3546,2841,0,6387,9228
2024,08,3,북항,외항,수출,22,감만부두,컨테이너부두,외국선,적컨,0,10925,7854,8,18787,26651
2024,08,3,북항,외항,수입,22,감만부두,컨테이너부두,외국선,적컨,0,13711,11579,0,25290,36869
2024,10,4,북항,외항,수출환적,22,감만부두,컨테이너부두,외국선,적컨,0,2494,2148,0,4642,6790
2024,10,4,북항,외항,수입환적,22,감만부두,컨테이너부두,외국선,적컨,0,3197,2761,0,5958,8719
2024,10,4,북항,외항,수출,22,감만부두,컨테이너부두,외국선,적컨,0,9774,8158,16,17948,26126
2024,10,4,북항,외항,수입,22,감만부두,컨테이너부두,외국선,적컨,0,11153,10295,0,21448,31743
2024,02,1,북항,외항,수출환적,22,감만부두,컨테이너부두,외국선,적컨,0,2762,2167,0,4929,7096
2024,02,1,북항,외항,수입환적,22,감만부두,컨테이너부두,외국선,적컨,0,3438,3639,0,7077,10716
2024,08,3,신항,외항,수입,10,신항5부두,컨테이너부두,아국선,적컨,0,2,9,0,11,20
2024,10,4,신항,외항,수출환적,10,신항5부두,컨테이너부두,아국선,적컨,0,56,69,0,125,194
2024,10,4,신항,외항,수입환적,10,신항5부두,컨테이너부두,아국선,적컨,0,244,935,0,1179,2114
2024,10,4,신항,외항,수출,10,신항5부두,컨테이너부두,아국선,적컨,0,0,1,0,1,2
2024,10,4,신항,외항,수입,10,신항5부두,컨테이너부두,아국선,적컨,0,8,18,0,26,44
2024,02,1,신항,외항,수출환적,10,신항5부두,컨테이너부두,아국선,적컨,0,58,127,0,185,312
2024,02,1,신항,외항,수입환적,10,신항5부두,컨테이너부두,아국선,적컨,0,163,726,0,889,1615
2024,02,1,신항,외항,수입,10,신항5부두,컨테이너부두,아국선,적컨,0,3,7,0,10,17
2024,06,2,신항,외항,수출환적,10,신항5부두,컨테이너부두,아국선,적컨,0,54,26,0,80,106
2024,06,2,신항,외항,수입환적,10,신항5부두,컨테이너부두,아국선,적컨,0,440,1077,0,1517,2594
2024,06,2,신항,외항,수출,10,신항5부두,컨테이너부두,아국선,적컨,0,0,1,0,1,2
2024,06,2,신항,외항,수입,10,신항5부두,컨테이너부두,아국선,적컨,0,5,17,0,22,39
2024,07,3,신항,외항,수출환적,10,신항5부두,컨테이너부두,아국선,적컨,0,118,353,2,473,828.5
2024,11,4,신항,외항,수출환적,10,신항5부두,컨테이너부두,아국선,적컨,0,59,84,0,143,227
2024,11,4,신항,외항,수입환적,10,신항5부두,컨테이너부두,아국선,적컨,0,236,783,0,1019,1802
2024,11,4,신항,외항,수입,10,신항5부두,컨테이너부두,아국선,적컨,0,10,15,0,25,40
2024,07,3,신항,외항,수입환적,10,신항5부두,컨테이너부두,아국선,적컨,0,345,1121,0,1466,2587
2024,07,3,신항,외항,수출,10,신항5부두,컨테이너부두,아국선,적컨,0,160,728,0,888,1616
2024,07,3,신항,외항,수입,10,신항5부두,컨테이너부두,아국선,적컨,0,11,44,0,55,99
2024,05,2,신항,외항,수입환적,10,신항5부두,컨테이너부두,아국선,적컨,0,97,382,1,480,863.25
2024,05,2,신항,외항,수입,10,신항5부두,컨테이너부두,아국선,적컨,0,1,7,0,8,15
2024,12,4,신항,외항,수출환적,10,신항5부두,컨테이너부두,아국선,적컨,0,53,108,0,161,269
2024,12,4,신항,외항,수입환적,10,신항5부두,컨테이너부두,아국선,적컨,0,429,1021,1,1451,2473.25
2024,09,3,신항,외항,수출환적,10,신항5부두,컨테이너부두,아국선,적컨,0,14,20,0,34,54
2024,09,3,신항,외항,수입환적,10,신항5부두,컨테이너부두,아국선,적컨,0,332,807,0,1139,1946
2024,09,3,신항,외항,수입,10,신항5부두,컨테이너부두,아국선,적컨,0,16,106,0,122,228
2024,12,4,신항,외항,수출,10,신항5부두,컨테이너부두,아국선,적컨,0,0,1,0,1,2
2024,12,4,신항,외항,수입,10,신항5부두,컨테이너부두,아국선,적컨,0,14,23,0,37,60
2024,01,1,신항,외항,수출환적,10,신항5부두,컨테이너부두,아국선,적컨,0,116,112,0,228,340
2024,01,1,신항,외항,수입환적,10,신항5부두,컨테이너부두,아국선,적컨,0,104,276,0,380,656
2024,01,1,신항,외항,수입,10,신항5부두,컨테이너부두,아국선,적컨,0,3,15,0,18,33
2024,03,1,북항,외항,수출,29,신국제여객터미널,일반부두,외국선,공컨,92,5,111,0,208,273
2024,04,2,북항,외항,수출,29,신국제여객터미널,일반부두,외국선,공컨,66,14,33,0,113,113
2024,04,2,북항,외항,수입,29,신국제여객터미널,일반부두,외국선,공컨,94,296,234,0,624,811
2024,03,1,북항,외항,수입,29,신국제여객터미널,일반부두,외국선,공컨,123,472,217,0,812,967.5
2024,08,3,북항,외항,수출,29,신국제여객터미널,일반부두,외국선,공컨,56,20,62,0,138,172
2024,08,3,북항,외항,수입,29,신국제여객터미널,일반부두,외국선,공컨,68,231,231,0,530,727
2024,10,4,북항,외항,수출,29,신국제여객터미널,일반부두,외국선,공컨,73,32,82,0,187,232.5
2024,10,4,북항,외항,수입,29,신국제여객터미널,일반부두,외국선,공컨,104,315,309,0,728,985
2024,02,1,북항,외항,수출,29,신국제여객터미널,일반부두,외국선,공컨,67,24,101,0,192,259.5
2024,02,1,북항,외항,수입,29,신국제여객터미널,일반부두,외국선,공컨,75,219,163,0,457,582.5
2024,06,2,북항,외항,수출,29,신국제여객터미널,일반부두,외국선,공컨,75,33,14,0,122,98.5
2024,06,2,북항,외항,수입,29,신국제여객터미널,일반부두,외국선,공컨,60,437,337,0,834,1141
2024,11,4,북항,외항,수출,29,신국제여객터미널,일반부두,외국선,공컨,52,27,48,0,127,149
2024,07,3,북항,외항,수출,29,신국제여객터미널,일반부두,외국선,공컨,43,33,47,0,123,148.5
2024,07,3,북항,외항,수입,29,신국제여객터미널,일반부두,외국선,공컨,73,239,294,0,606,863.5
2024,11,4,북항,외항,수입,29,신국제여객터미널,일반부두,외국선,공컨,91,311,322,0,724,1000.5
2024,09,3,북항,외항,수출,29,신국제여객터미널,일반부두,외국선,공컨,65,43,90,0,198,255.5
2024,09,3,북항,외항,수입,29,신국제여객터미널,일반부두,외국선,공컨,74,284,511,0,869,1343
2024,12,4,북항,외항,수출,29,신국제여객터미널,일반부두,외국선,공컨,52,15,217,0,284,475
2024,12,4,북항,외항,수입,29,신국제여객터미널,일반부두,외국선,공컨,94,321,329,0,744,1026
2024,01,1,북항,외항,수출,29,신국제여객터미널,일반부두,외국선,공컨,48,37,86,0,171,233
2024,01,1,북항,외항,수입,29,신국제여객터미널,일반부두,외국선,공컨,76,232,235,0,543,740
2024,05,2,북항,외항,수출,29,신국제여객터미널,일반부두,외국선,공컨,74,6,21,0,101,85
2024,05,2,북항,외항,수입,29,신국제여객터미널,일반부두,외국선,공컨,72,558,330,0,960,1254
2024,03,1,북항,외항,수출,29,신국제여객터미널,일반부두,외국선,적컨,132,643,452,0,1227,1613
2024,03,1,북항,외항,수출환적,29,신국제여객터미널,일반부두,외국선,적컨,0,298,625,0,923,1548
2024,03,1,북항,외항,수입환적,29,신국제여객터미널,일반부두,외국선,적컨,0,35,256,0,291,547
2024,04,2,북항,외항,수출환적,29,신국제여객터미널,일반부두,외국선,적컨,0,112,152,0,264,416
2024,04,2,북항,외항,수입환적,29,신국제여객터미널,일반부두,외국선,적컨,0,20,66,0,86,152
2024,04,2,북항,외항,수출,29,신국제여객터미널,일반부두,외국선,적컨,74,453,390,0,917,1270
2024,04,2,북항,외항,수입,29,신국제여객터미널,일반부두,외국선,적컨,60,178,206,0,444,620
2024,03,1,북항,외항,수입,29,신국제여객터미널,일반부두,외국선,적컨,85,253,251,0,589,797.5
2024,08,3,북항,외항,수출환적,29,신국제여객터미널,일반부두,외국선,적컨,0,76,185,0,261,446
2024,08,3,북항,외항,수입환적,29,신국제여객터미널,일반부두,외국선,적컨,1,12,42,0,55,96.5
2024,08,3,북항,외항,수출,29,신국제여객터미널,일반부두,외국선,적컨,59,396,414,0,869,1253.5
2024,08,3,북항,외항,수입,29,신국제여객터미널,일반부두,외국선,적컨,42,159,192,0,393,564
2024,10,4,북항,외항,수출환적,29,신국제여객터미널,일반부두,외국선,적컨,0,84,318,0,402,720
2024,10,4,북항,외항,수입환적,29,신국제여객터미널,일반부두,외국선,적컨,1,9,159,0,169,327.5
2024,10,4,북항,외항,수출,29,신국제여객터미널,일반부두,외국선,적컨,92,430,458,0,980,1392
2024,10,4,북항,외항,수입,29,신국제여객터미널,일반부두,외국선,적컨,54,168,234,0,456,663
2024,02,1,북항,외항,수출환적,29,신국제여객터미널,일반부두,외국선,적컨,0,183,430,0,613,1043
2024,02,1,북항,외항,수입환적,29,신국제여객터미널,일반부두,외국선,적컨,0,26,111,0,137,248
2024,02,1,북항,외항,수출,29,신국제여객터미널,일반부두,외국선,적컨,76,373,279,0,728,969
2024,02,1,북항,외항,수입,29,신국제여객터미널,일반부두,외국선,적컨,38,183,229,0,450,660
2024,02,1,북항,외항,수출,22,감만부두,컨테이너부두,외국선,적컨,0,8494,5492,31,14017,19547.75
2024,02,1,북항,외항,수입,22,감만부두,컨테이너부두,외국선,적컨,0,8221,8731,0,16952,25683
2024,06,2,북항,외항,수출환적,22,감만부두,컨테이너부두,외국선,적컨,0,2444,1961,0,4405,6366
2024,06,2,북항,외항,수입환적,22,감만부두,컨테이너부두,외국선,적컨,0,3798,3250,0,7048,10298
2024,06,2,북항,외항,수출,22,감만부두,컨테이너부두,외국선,적컨,0,10550,7937,15,18502,26457.75
2024,06,2,북항,외항,수입,22,감만부두,컨테이너부두,외국선,적컨,0,11981,10425,0,22406,32831
2024,11,4,북항,외항,수출환적,22,감만부두,컨테이너부두,외국선,적컨,0,3148,2295,0,5443,7738
2024,11,4,북항,외항,수입환적,22,감만부두,컨테이너부두,외국선,적컨,0,5155,3458,0,8613,12071
2024,11,4,북항,외항,수출,22,감만부두,컨테이너부두,외국선,적컨,0,9605,8524,0,18129,26653
2024,07,3,북항,외항,수출환적,22,감만부두,컨테이너부두,외국선,적컨,0,2391,2231,0,4622,6853
2024,07,3,북항,외항,수입환적,22,감만부두,컨테이너부두,외국선,적컨,0,2398,2354,0,4752,7106
2024,07,3,북항,외항,수출,22,감만부두,컨테이너부두,외국선,적컨,0,10992,8535,4,19531,28071
2024,07,3,북항,외항,수입,22,감만부두,컨테이너부두,외국선,적컨,0,11439,10048,0,21487,31535
2024,11,4,북항,외항,수입,22,감만부두,컨테이너부두,외국선,적컨,0,12135,10284,0,22419,32703
2024,05,2,북항,외항,수출환적,22,감만부두,컨테이너부두,외국선,적컨,0,3421,2629,0,6050,8679
2024,09,3,북항,외항,수출,22,감만부두,컨테이너부두,외국선,적컨,0,10003,7579,11,17593,25185.75
2024,09,3,북항,외항,수입,22,감만부두,컨테이너부두,외국선,적컨,0,10355,9073,0,19428,28501
2024,09,3,북항,외항,수출환적,22,감만부두,컨테이너부두,외국선,적컨,0,1923,1565,0,3488,5053
2024,09,3,북항,외항,수입환적,22,감만부두,컨테이너부두,외국선,적컨,0,3599,2757,0,6356,9113
2024,12,4,북항,외항,수출환적,22,감만부두,컨테이너부두,외국선,적컨,0,4126,3167,0,7293,10460
2024,12,4,북항,외항,수입환적,22,감만부두,컨테이너부두,외국선,적컨,0,6012,4656,1,10669,15326.25
2024,12,4,북항,외항,수출,22,감만부두,컨테이너부두,외국선,적컨,0,12530,9743,1,22274,32018.25
2024,12,4,북항,외항,수입,22,감만부두,컨테이너부두,외국선,적컨,0,12206,11441,0,23647,35088
2024,01,1,북항,외항,수출환적,22,감만부두,컨테이너부두,외국선,적컨,0,3569,2573,0,6142,8715
2024,01,1,북항,외항,수입환적,22,감만부두,컨테이너부두,외국선,적컨,0,3644,3260,1,6905,10166.25
2024,01,1,북항,외항,수출,22,감만부두,컨테이너부두,외국선,적컨,0,9656,7203,23,16882,24113.75
2024,01,1,북항,외항,수입,22,감만부두,컨테이너부두,외국선,적컨,0,10593,9958,0,20551,30509
2024,05,2,북항,외항,수입환적,22,감만부두,컨테이너부두,외국선,적컨,0,3820,3408,0,7228,10636
2024,05,2,북항,외항,수출,22,감만부두,컨테이너부두,외국선,적컨,0,10425,7892,5,18322,26220.25
2024,05,2,북항,외항,수입,22,감만부두,컨테이너부두,외국선,적컨,0,13873,12505,0,26378,38883
2024,03,1,북항,외항,수출,22,감만부두,컨테이너부두,아국선,공컨,0,920,590,0,1510,2100
2024,03,1,북항,외항,수출환적,22,감만부두,컨테이너부두,아국선,공컨,0,8,16,0,24,40
2024,03,1,북항,외항,수입환적,22,감만부두,컨테이너부두,아국선,공컨,0,39,15,0,54,69
2024,04,2,북항,외항,수출환적,22,감만부두,컨테이너부두,아국선,공컨,0,8,0,0,8,8
2024,04,2,북항,외항,수입환적,22,감만부두,컨테이너부두,아국선,공컨,0,17,17,0,34,51
2024,04,2,북항,외항,수출,22,감만부두,컨테이너부두,아국선,공컨,0,1106,771,0,1877,2648
2024,04,2,북항,외항,수입,22,감만부두,컨테이너부두,아국선,공컨,0,1255,455,3,1713,2171.75
2024,03,1,북항,외항,수입,22,감만부두,컨테이너부두,아국선,공컨,0,1722,609,0,2331,2940
2024,08,3,북항,외항,수출환적,22,감만부두,컨테이너부두,아국선,공컨,0,1,10,0,11,21
2024,08,3,북항,외항,수입환적,22,감만부두,컨테이너부두,아국선,공컨,0,5,2,0,7,9
2024,08,3,북항,외항,수출,22,감만부두,컨테이너부두,아국선,공컨,0,978,1191,0,2169,3360
2024,08,3,북항,외항,수입,22,감만부두,컨테이너부두,아국선,공컨,0,830,333,0,1163,1496
2024,10,4,북항,외항,수출환적,22,감만부두,컨테이너부두,아국선,공컨,0,1,0,0,1,1
2024,10,4,북항,외항,수입환적,22,감만부두,컨테이너부두,아국선,공컨,0,98,10,0,108,118
2024,10,4,북항,외항,수출,22,감만부두,컨테이너부두,아국선,공컨,0,855,1143,0,1998,3141
2024,10,4,북항,외항,수입,22,감만부두,컨테이너부두,아국선,공컨,0,1480,535,0,2015,2550
2024,02,1,북항,외항,수입환적,22,감만부두,컨테이너부두,아국선,공컨,0,15,20,0,35,55
2024,02,1,북항,외항,수출,22,감만부두,컨테이너부두,아국선,공컨,0,760,736,0,1496,2232
2024,02,1,북항,외항,수입,22,감만부두,컨테이너부두,아국선,공컨,0,1790,516,0,2306,2822
2024,06,2,북항,외항,수출환적,22,감만부두,컨테이너부두,아국선,공컨,0,2,0,0,2,2
2024,06,2,북항,외항,수입환적,22,감만부두,컨테이너부두,아국선,공컨,0,14,20,0,34,54
2024,06,2,북항,외항,수출,22,감만부두,컨테이너부두,아국선,공컨,0,1187,1184,0,2371,3555
2024,06,2,북항,외항,수입,22,감만부두,컨테이너부두,아국선,공컨,0,1052,280,0,1332,1612
2024,11,4,북항,외항,수출환적,22,감만부두,컨테이너부두,아국선,공컨,0,16,41,0,57,98
2024,11,4,북항,외항,수입환적,22,감만부두,컨테이너부두,아국선,공컨,0,32,6,0,38,44
2024,11,4,북항,외항,수출,22,감만부두,컨테이너부두,아국선,공컨,0,1055,1408,0,2463,3871
2024,07,3,북항,외항,수출환적,22,감만부두,컨테이너부두,아국선,공컨,0,79,26,0,105,131
2024,07,3,북항,외항,수입환적,22,감만부두,컨테이너부두,아국선,공컨,0,105,63,0,168,231
2024,07,3,북항,외항,수출,22,감만부두,컨테이너부두,아국선,공컨,0,1009,1370,0,2379,3749
2024,07,3,북항,외항,수입,22,감만부두,컨테이너부두,아국선,공컨,0,1408,423,0,1831,2254
2024,11,4,북항,외항,수입,22,감만부두,컨테이너부두,아국선,공컨,0,1203,493,0,1696,2189
2024,05,2,북항,외항,수출환적,22,감만부두,컨테이너부두,아국선,공컨,0,2,2,0,4,6
2024,09,3,북항,외항,수출,22,감만부두,컨테이너부두,아국선,공컨,0,543,1121,0,1664,2785
2024,09,3,북항,외항,수입,22,감만부두,컨테이너부두,아국선,공컨,0,908,466,0,1374,1840
2024,09,3,북항,외항,수출환적,22,감만부두,컨테이너부두,아국선,공컨,0,3,0,0,3,3
2024,09,3,북항,외항,수입환적,22,감만부두,컨테이너부두,아국선,공컨,0,12,3,0,15,18
2024,12,4,북항,외항,수출환적,22,감만부두,컨테이너부두,아국선,공컨,0,19,37,0,56,93
2024,12,4,북항,외항,수입환적,22,감만부두,컨테이너부두,아국선,공컨,0,46,52,0,98,150
2024,12,4,북항,외항,수출,22,감만부두,컨테이너부두,아국선,공컨,0,1731,1797,20,3548,5370
2024,12,4,북항,외항,수입,22,감만부두,컨테이너부두,아국선,공컨,0,2491,844,91,3426,4383.75
2024,01,1,북항,외항,수출환적,22,감만부두,컨테이너부두,아국선,공컨,0,7,0,0,7,7
2024,01,1,북항,외항,수입환적,22,감만부두,컨테이너부두,아국선,공컨,0,9,22,0,31,53
2024,01,1,북항,외항,수출,22,감만부두,컨테이너부두,아국선,공컨,0,712,625,0,1337,1962
2024,01,1,북항,외항,수입,22,감만부두,컨테이너부두,아국선,공컨,0,1052,324,0,1376,1700
2024,05,2,북항,외항,수입환적,22,감만부두,컨테이너부두,아국선,공컨,0,8,1,0,9,10
2024,05,2,북항,외항,수출,22,감만부두,컨테이너부두,아국선,공컨,0,591,753,0,1344,2097
2024,05,2,북항,외항,수입,22,감만부두,컨테이너부두,아국선,공컨,0,1100,272,0,1372,1644
2024,06,2,북항,외항,수출환적,29,신국제여객터미널,일반부두,외국선,적컨,0,82,149,0,231,380
2024,06,2,북항,외항,수입환적,29,신국제여객터미널,일반부두,외국선,적컨,0,17,77,0,94,171
2024,06,2,북항,외항,수출,29,신국제여객터미널,일반부두,외국선,적컨,71,520,524,0,1115,1603.5
2024,06,2,북항,외항,수입,29,신국제여객터미널,일반부두,외국선,적컨,72,157,219,0,448,631
2024,11,4,북항,외항,수출환적,29,신국제여객터미널,일반부두,외국선,적컨,0,109,241,0,350,591
2024,11,4,북항,외항,수입환적,29,신국제여객터미널,일반부두,외국선,적컨,1,12,38,0,51,88.5
2024,11,4,북항,외항,수출,29,신국제여객터미널,일반부두,외국선,적컨,82,408,505,0,995,1459
2024,07,3,북항,외항,수출환적,29,신국제여객터미널,일반부두,외국선,적컨,0,92,134,0,226,360
2024,07,3,북항,외항,수입환적,29,신국제여객터미널,일반부두,외국선,적컨,2,20,54,0,76,129
2024,07,3,북항,외항,수출,29,신국제여객터미널,일반부두,외국선,적컨,71,427,496,0,994,1454.5
2024,07,3,북항,외항,수입,29,신국제여객터미널,일반부두,외국선,적컨,29,155,213,0,397,595.5
2024,11,4,북항,외항,수입,29,신국제여객터미널,일반부두,외국선,적컨,38,173,218,0,429,628
2024,05,2,북항,외항,수출환적,29,신국제여객터미널,일반부두,외국선,적컨,0,66,192,0,258,450
2024,05,2,북항,외항,수입환적,29,신국제여객터미널,일반부두,외국선,적컨,0,18,60,0,78,138
2024,09,3,북항,외항,수출,29,신국제여객터미널,일반부두,외국선,적컨,65,427,513,0,1005,1485.5
2024,09,3,북항,외항,수입,29,신국제여객터미널,일반부두,외국선,적컨,41,151,244,0,436,659.5
2024,09,3,북항,외항,수출환적,29,신국제여객터미널,일반부두,외국선,적컨,0,94,300,0,394,694
2024,09,3,북항,외항,수입환적,29,신국제여객터미널,일반부두,외국선,적컨,1,16,34,0,51,84.5
2024,12,4,북항,외항,수출환적,29,신국제여객터미널,일반부두,외국선,적컨,0,67,296,0,363,659
2024,12,4,북항,외항,수입환적,29,신국제여객터미널,일반부두,외국선,적컨,0,17,172,0,189,361
2024,12,4,북항,외항,수출,29,신국제여객터미널,일반부두,외국선,적컨,93,375,423,0,891,1267.5
2024,12,4,북항,외항,수입,29,신국제여객터미널,일반부두,외국선,적컨,39,165,243,0,447,670.5
2024,01,1,북항,외항,수출환적,29,신국제여객터미널,일반부두,외국선,적컨,0,145,513,0,658,1171
2024,01,1,북항,외항,수입환적,29,신국제여객터미널,일반부두,외국선,적컨,0,28,111,0,139,250
2024,01,1,북항,외항,수출,29,신국제여객터미널,일반부두,외국선,적컨,69,382,353,0,804,1122.5
2024,01,1,북항,외항,수입,29,신국제여객터미널,일반부두,외국선,적컨,42,161,205,0,408,592
2024,05,2,북항,외항,수출,29,신국제여객터미널,일반부두,외국선,적컨,66,610,506,0,1182,1655
2024,05,2,북항,외항,수입,29,신국제여객터미널,일반부두,외국선,적컨,65,160,236,0,461,664.5
2024,03,1,북항,외항,수출,29,신국제여객터미널,일반부두,아국선,공컨,10,0,0,0,10,5
2024,04,2,북항,외항,수출,29,신국제여객터미널,일반부두,아국선,공컨,97,10,0,0,107,58.5
2024,04,2,북항,외항,수입,29,신국제여객터미널,일반부두,아국선,공컨,83,264,170,0,517,645.5
2024,03,1,북항,외항,수입,29,신국제여객터미널,일반부두,아국선,공컨,8,70,54,0,132,182
2024,08,3,북항,외항,수출,29,신국제여객터미널,일반부두,아국선,공컨,56,22,26,0,104,102
2024,08,3,북항,외항,수입,29,신국제여객터미널,일반부두,아국선,공컨,56,197,148,0,401,521
2024,10,4,북항,외항,수출,29,신국제여객터미널,일반부두,아국선,공컨,90,29,34,0,153,142
2024,10,4,북항,외항,수입,29,신국제여객터미널,일반부두,아국선,공컨,68,145,363,0,576,905
2024,02,1,북항,외항,수출,29,신국제여객터미널,일반부두,아국선,공컨,78,20,21,0,119,101
2024,02,1,북항,외항,수입,29,신국제여객터미널,일반부두,아국선,공컨,80,98,51,0,229,240
2024,06,2,북항,외항,수출,29,신국제여객터미널,일반부두,아국선,공컨,93,56,12,0,161,126.5
2024,06,2,북항,외항,수입,29,신국제여객터미널,일반부두,아국선,공컨,60,194,203,0,457,630
2024,11,4,북항,외항,수출,29,신국제여객터미널,일반부두,아국선,공컨,71,17,31,0,119,114.5
2024,07,3,북항,외항,수출,29,신국제여객터미널,일반부두,아국선,공컨,95,38,13,0,146,111.5
2024,07,3,북항,외항,수입,29,신국제여객터미널,일반부두,아국선,공컨,86,218,282,0,586,825
2024,11,4,북항,외항,수입,29,신국제여객터미널,일반부두,아국선,공컨,77,151,262,0,490,713.5
2024,09,3,북항,외항,수출,29,신국제여객터미널,일반부두,아국선,공컨,87,31,21,0,139,116.5
2024,09,3,북항,외항,수입,29,신국제여객터미널,일반부두,아국선,공컨,76,131,217,0,424,603
2024,12,4,북항,외항,수출,29,신국제여객터미널,일반부두,아국선,공컨,80,23,66,0,169,195
2024,12,4,북항,외항,수입,29,신국제여객터미널,일반부두,아국선,공컨,105,146,253,0,504,704.5
2024,01,1,북항,외항,수출,29,신국제여객터미널,일반부두,아국선,공컨,77,14,27,0,118,106.5
2024,01,1,북항,외항,수입,29,신국제여객터미널,일반부두,아국선,공컨,69,113,118,0,300,383.5
2024,05,2,북항,외항,수출,29,신국제여객터미널,일반부두,아국선,공컨,95,56,13,0,164,129.5
2024,05,2,북항,외항,수입,29,신국제여객터미널,일반부두,아국선,공컨,65,155,134,0,354,455.5
2024,03,1,북항,외항,수출,29,신국제여객터미널,일반부두,아국선,적컨,3,227,192,0,422,612.5
2024,03,1,북항,외항,수출환적,29,신국제여객터미널,일반부두,아국선,적컨,0,93,276,0,369,645
2024,03,1,북항,외항,수입환적,29,신국제여객터미널,일반부두,아국선,적컨,0,10,19,0,29,48
2024,04,2,북항,외항,수출환적,29,신국제여객터미널,일반부두,아국선,적컨,0,122,343,0,465,808
2024,04,2,북항,외항,수입환적,29,신국제여객터미널,일반부두,아국선,적컨,0,16,19,0,35,54
2024,04,2,북항,외항,수출,29,신국제여객터미널,일반부두,아국선,적컨,30,341,306,0,677,968
2024,04,2,북항,외항,수입,29,신국제여객터미널,일반부두,아국선,적컨,51,261,502,0,814,1290.5
2024,03,1,북항,외항,수입,29,신국제여객터미널,일반부두,아국선,적컨,12,210,395,0,617,1006
2024,08,3,북항,외항,수출환적,29,신국제여객터미널,일반부두,아국선,적컨,0,68,284,0,352,636
2024,08,3,북항,외항,수입환적,29,신국제여객터미널,일반부두,아국선,적컨,0,18,25,0,43,68
2024,08,3,북항,외항,수출,29,신국제여객터미널,일반부두,아국선,적컨,40,278,259,0,577,816
2024,08,3,북항,외항,수입,29,신국제여객터미널,일반부두,아국선,적컨,43,220,440,0,703,1121.5
2024,10,4,북항,외항,수출환적,29,신국제여객터미널,일반부두,아국선,적컨,0,77,456,0,533,989
2024,10,4,북항,외항,수입환적,29,신국제여객터미널,일반부두,아국선,적컨,0,25,45,0,70,115
2024,10,4,북항,외항,수출,29,신국제여객터미널,일반부두,아국선,적컨,41,327,295,0,663,937.5
2024,10,4,북항,외항,수입,29,신국제여객터미널,일반부두,아국선,적컨,63,268,471,0,802,1241.5
2024,02,1,북항,외항,수출환적,29,신국제여객터미널,일반부두,아국선,적컨,0,65,142,0,207,349
2024,02,1,북항,외항,수입환적,29,신국제여객터미널,일반부두,아국선,적컨,0,14,21,0,35,56
2024,02,1,북항,외항,수출,29,신국제여객터미널,일반부두,아국선,적컨,41,306,212,0,559,750.5
2024,02,1,북항,외항,수입,29,신국제여객터미널,일반부두,아국선,적컨,66,261,338,0,665,970
2024,06,2,북항,외항,수출환적,29,신국제여객터미널,일반부두,아국선,적컨,0,60,243,0,303,546
2024,06,2,북항,외항,수입환적,29,신국제여객터미널,일반부두,아국선,적컨,0,25,24,0,49,73
2024,03,1,북항,외항,수출,22,감만부두,컨테이너부두,아국선,적컨,0,2730,1697,1,4428,6126.25
2024,03,1,북항,외항,수출환적,22,감만부두,컨테이너부두,아국선,적컨,0,2058,1650,0,3708,5358
2024,03,1,북항,외항,수입환적,22,감만부두,컨테이너부두,아국선,적컨,0,1258,1521,0,2779,4300
2024,04,2,북항,외항,수출환적,22,감만부두,컨테이너부두,아국선,적컨,0,1248,971,0,2219,3190
2024,04,2,북항,외항,수입환적,22,감만부두,컨테이너부두,아국선,적컨,0,999,1006,0,2005,3011
2024,04,2,북항,외항,수출,22,감만부두,컨테이너부두,아국선,적컨,0,1896,1427,2,3325,4754.5
2024,04,2,북항,외항,수입,22,감만부두,컨테이너부두,아국선,적컨,0,2761,2740,0,5501,8241
2024,03,1,북항,외항,수입,22,감만부두,컨테이너부두,아국선,적컨,0,3280,3288,0,6568,9856
2024,08,3,북항,외항,수출환적,22,감만부두,컨테이너부두,아국선,적컨,0,754,663,0,1417,2080
2024,08,3,북항,외항,수입환적,22,감만부두,컨테이너부두,아국선,적컨,0,856,950,0,1806,2756
2024,08,3,북항,외항,수출,22,감만부두,컨테이너부두,아국선,적컨,0,2132,1438,1,3571,5010.25
2024,08,3,북항,외항,수입,22,감만부두,컨테이너부두,아국선,적컨,0,2845,2672,0,5517,8189
2024,10,4,북항,외항,수출환적,22,감만부두,컨테이너부두,아국선,적컨,0,1765,1629,0,3394,5023
2024,10,4,북항,외항,수입환적,22,감만부두,컨테이너부두,아국선,적컨,0,1854,1681,0,3535,5216
2024,10,4,북항,외항,수출,22,감만부두,컨테이너부두,아국선,적컨,0,2808,2129,0,4937,7066
2024,10,4,북항,외항,수입,22,감만부두,컨테이너부두,아국선,적컨,0,3355,3436,0,6791,10227
2024,02,1,북항,외항,수출환적,22,감만부두,컨테이너부두,아국선,적컨,0,1893,1288,0,3181,4469
2024,02,1,북항,외항,수입환적,22,감만부두,컨테이너부두,아국선,적컨,0,1847,1974,0,3821,5795
2024,02,1,북항,외항,수출,22,감만부두,컨테이너부두,아국선,적컨,0,2188,1745,0,3933,5678
2024,02,1,북항,외항,수입,22,감만부두,컨테이너부두,아국선,적컨,0,2181,2362,2,4545,6909.5
2024,06,2,북항,외항,수출환적,22,감만부두,컨테이너부두,아국선,적컨,0,1538,1647,0,3185,4832
2024,06,2,북항,외항,수입환적,22,감만부두,컨테이너부두,아국선,적컨,0,1249,1304,0,2553,3857
2024,06,2,북항,외항,수출,22,감만부두,컨테이너부두,아국선,적컨,0,2100,1924,0,4024,5948
2024,06,2,북항,외항,수입,22,감만부두,컨테이너부두,아국선,적컨,0,2972,3252,0,6224,9476
2024,11,4,북항,외항,수출환적,22,감만부두,컨테이너부두,아국선,적컨,0,1743,1671,0,3414,5085
2024,11,4,북항,외항,수입환적,22,감만부두,컨테이너부두,아국선,적컨,0,1739,1739,0,3478,5217
2024,11,4,북항,외항,수출,22,감만부두,컨테이너부두,아국선,적컨,0,2752,1947,0,4699,6646
2024,07,3,북항,외항,수출환적,22,감만부두,컨테이너부두,아국선,적컨,0,1330,1089,0,2419,3508
2024,07,3,북항,외항,수입환적,22,감만부두,컨테이너부두,아국선,적컨,0,780,892,0,1672,2564
2024,07,3,북항,외항,수출,22,감만부두,컨테이너부두,아국선,적컨,0,2607,1997,1,4605,6603.25
2024,07,3,북항,외항,수입,22,감만부두,컨테이너부두,아국선,적컨,0,2815,2965,0,5780,8745
2024,11,4,북항,외항,수입,22,감만부두,컨테이너부두,아국선,적컨,0,3239,3380,0,6619,9999
2024,05,2,북항,외항,수출환적,22,감만부두,컨테이너부두,아국선,적컨,0,1165,1154,0,2319,3473
2024,09,3,북항,외항,수출,22,감만부두,컨테이너부두,아국선,적컨,0,2205,1586,0,3791,5377
2024,09,3,북항,외항,수입,22,감만부두,컨테이너부두,아국선,적컨,0,2845,2634,0,5479,8113
2024,09,3,북항,외항,수출환적,22,감만부두,컨테이너부두,아국선,적컨,0,942,900,0,1842,2742
2024,09,3,북항,외항,수입환적,22,감만부두,컨테이너부두,아국선,적컨,0,699,959,0,1658,2617
2024,12,4,북항,외항,수출환적,22,감만부두,컨테이너부두,아국선,적컨,0,2325,2268,0,4593,6861
2024,12,4,북항,외항,수입환적,22,감만부두,컨테이너부두,아국선,적컨,0,3756,3106,0,6862,9968
2024,12,4,북항,외항,수출,22,감만부두,컨테이너부두,아국선,적컨,0,4571,3279,1,7851,11131.25
2024,12,4,북항,외항,수입,22,감만부두,컨테이너부두,아국선,적컨,0,5152,5190,0,10342,15532
2024,01,1,북항,외항,수출환적,22,감만부두,컨테이너부두,아국선,적컨,0,1369,1197,0,2566,3763
2024,01,1,북항,외항,수입환적,22,감만부두,컨테이너부두,아국선,적컨,0,1001,988,0,1989,2977
2024,01,1,북항,외항,수출,22,감만부두,컨테이너부두,아국선,적컨,0,1951,1096,1,3048,4145.25
2024,01,1,북항,외항,수입,22,감만부두,컨테이너부두,아국선,적컨,0,2239,2308,0,4547,6855
2024,05,2,북항,외항,수입환적,22,감만부두,컨테이너부두,아국선,적컨,0,701,869,0,1570,2439
2024,05,2,북항,외항,수출,22,감만부두,컨테이너부두,아국선,적컨,0,1741,1309,0,3050,4359
2024,05,2,북항,외항,수입,22,감만부두,컨테이너부두,아국선,적컨,0,2439,2453,0,4892,7345
2024,03,1,북항,외항,수출,31,신감만부두,컨테이너부두,외국선,공컨,0,1210,693,0,1903,2596
2024,03,1,북항,외항,수출환적,31,신감만부두,컨테이너부두,외국선,공컨,0,7,2,0,9,11
2024,03,1,북항,외항,수입환적,31,신감만부두,컨테이너부두,외국선,공컨,0,0,2,0,2,4
2024,03,1,북항,외항,수입,31,신감만부두,컨테이너부두,외국선,공컨,0,165,132,2,299,433.5
2024,10,4,북항,외항,수출환적,31,신감만부두,컨테이너부두,외국선,공컨,0,80,2,0,82,84
2024,10,4,북항,외항,수입환적,31,신감만부두,컨테이너부두,외국선,공컨,0,3,7,0,10,17
2024,10,4,북항,외항,수출,31,신감만부두,컨테이너부두,외국선,공컨,0,1051,1330,0,2381,3711
2024,10,4,북항,외항,수입,31,신감만부두,컨테이너부두,외국선,공컨,0,1231,833,26,2090,2955.5
2024,02,1,북항,외항,수출환적,31,신감만부두,컨테이너부두,외국선,공컨,0,0,9,0,9,18
2024,02,1,북항,외항,수입환적,31,신감만부두,컨테이너부두,외국선,공컨,0,16,9,0,25,34
2024,02,1,북항,외항,수출,31,신감만부두,컨테이너부두,외국선,공컨,0,2647,2209,0,4856,7065
2024,02,1,북항,외항,수입,31,신감만부두,컨테이너부두,외국선,공컨,0,1675,1626,0,3301,4927
2024,11,4,북항,외항,수출환적,31,신감만부두,컨테이너부두,외국선,공컨,0,12,4,0,16,20
2024,11,4,북항,외항,수입환적,31,신감만부두,컨테이너부두,외국선,공컨,0,10,39,0,49,88
2024,11,4,북항,외항,수출,31,신감만부두,컨테이너부두,외국선,공컨,0,1523,1692,0,3215,4907
2024,11,4,북항,외항,수입,31,신감만부두,컨테이너부두,외국선,공컨,0,1138,924,50,2112,3098.5
2024,09,3,북항,외항,수출,31,신감만부두,컨테이너부두,외국선,공컨,0,686,1214,40,1940,3204
2024,09,3,북항,외항,수입,31,신감만부두,컨테이너부두,외국선,공컨,0,1071,792,54,1917,2776.5
2024,09,3,북항,외항,수출환적,31,신감만부두,컨테이너부두,외국선,공컨,0,18,4,0,22,26
2024,09,3,북항,외항,수입환적,31,신감만부두,컨테이너부두,외국선,공컨,0,25,0,0,25,25
2024,12,4,북항,외항,수출환적,31,신감만부두,컨테이너부두,외국선,공컨,0,54,1,0,55,56
2024,12,4,북항,외항,수입환적,31,신감만부두,컨테이너부두,외국선,공컨,0,80,15,0,95,110
2024,12,4,북항,외항,수출,31,신감만부두,컨테이너부두,외국선,공컨,0,1402,1598,0,3000,4598
2024,12,4,북항,외항,수입,31,신감만부두,컨테이너부두,외국선,공컨,0,2278,1042,17,3337,4400.25
2024,01,1,북항,외항,수출환적,31,신감만부두,컨테이너부두,외국선,공컨,0,33,21,0,54,75
2024,01,1,북항,외항,수입환적,31,신감만부두,컨테이너부두,외국선,공컨,0,38,404,0,442,846
2024,01,1,북항,외항,수출,31,신감만부두,컨테이너부두,외국선,공컨,0,3533,2301,0,5834,8135
2024,01,1,북항,외항,수입,31,신감만부두,컨테이너부두,외국선,공컨,0,1508,1128,1,2637,3766.25
2024,06,2,북항,외항,수출,29,신국제여객터미널,일반부두,아국선,적컨,29,365,353,0,747,1085.5
2024,06,2,북항,외항,수입,29,신국제여객터미널,일반부두,아국선,적컨,57,286,473,0,816,1260.5
2024,11,4,북항,외항,수출환적,29,신국제여객터미널,일반부두,아국선,적컨,0,86,356,0,442,798
2024,11,4,북항,외항,수입환적,29,신국제여객터미널,일반부두,아국선,적컨,0,23,40,0,63,103
2024,11,4,북항,외항,수출,29,신국제여객터미널,일반부두,아국선,적컨,40,273,312,0,625,917
2024,07,3,북항,외항,수출환적,29,신국제여객터미널,일반부두,아국선,적컨,0,88,253,0,341,594
2024,07,3,북항,외항,수입환적,29,신국제여객터미널,일반부두,아국선,적컨,0,26,20,0,46,66
2024,07,3,북항,외항,수출,29,신국제여객터미널,일반부두,아국선,적컨,58,416,390,0,864,1225
2024,07,3,북항,외항,수입,29,신국제여객터미널,일반부두,아국선,적컨,77,269,456,0,802,1219.5
2024,11,4,북항,외항,수입,29,신국제여객터미널,일반부두,아국선,적컨,50,257,429,0,736,1140
2024,05,2,북항,외항,수출환적,29,신국제여객터미널,일반부두,아국선,적컨,0,45,210,0,255,465
2024,05,2,북항,외항,수입환적,29,신국제여객터미널,일반부두,아국선,적컨,0,21,30,0,51,81
2024,09,3,북항,외항,수출,29,신국제여객터미널,일반부두,아국선,적컨,33,248,232,0,513,728.5
2024,09,3,북항,외항,수입,29,신국제여객터미널,일반부두,아국선,적컨,57,234,466,0,757,1194.5
2024,09,3,북항,외항,수출환적,29,신국제여객터미널,일반부두,아국선,적컨,0,87,459,0,546,1005
2024,09,3,북항,외항,수입환적,29,신국제여객터미널,일반부두,아국선,적컨,0,27,21,0,48,69
2024,12,4,북항,외항,수출환적,29,신국제여객터미널,일반부두,아국선,적컨,0,138,398,0,536,934
2024,12,4,북항,외항,수입환적,29,신국제여객터미널,일반부두,아국선,적컨,0,38,56,0,94,150
2024,12,4,북항,외항,수출,29,신국제여객터미널,일반부두,아국선,적컨,61,260,254,0,575,798.5
2024,12,4,북항,외항,수입,29,신국제여객터미널,일반부두,아국선,적컨,51,247,434,0,732,1140.5
2024,01,1,북항,외항,수출환적,29,신국제여객터미널,일반부두,아국선,적컨,0,118,246,0,364,610
2024,01,1,북항,외항,수입환적,29,신국제여객터미널,일반부두,아국선,적컨,0,16,11,0,27,38
2024,01,1,북항,외항,수출,29,신국제여객터미널,일반부두,아국선,적컨,56,287,199,0,542,713
2024,01,1,북항,외항,수입,29,신국제여객터미널,일반부두,아국선,적컨,49,220,277,0,546,798.5
2024,05,2,북항,외항,수출,29,신국제여객터미널,일반부두,아국선,적컨,18,277,299,0,594,884
2024,05,2,북항,외항,수입,29,신국제여객터미널,일반부두,아국선,적컨,61,236,434,0,731,1134.5
2024,03,1,신항,외항,수출환적,12,신항6부두,컨테이너부두,외국선,공컨,0,2,20,0,22,42
2024,03,1,신항,외항,수입환적,12,신항6부두,컨테이너부두,외국선,공컨,0,20,193,1,214,408.25
2024,03,1,신항,외항,수출,12,신항6부두,컨테이너부두,외국선,공컨,0,284,577,0,861,1438
2024,03,1,신항,외항,수입,12,신항6부두,컨테이너부두,외국선,공컨,0,2150,5457,1,7608,13066.25
2024,04,2,신항,외항,수출환적,12,신항6부두,컨테이너부두,외국선,공컨,0,1,867,0,868,1735
2024,04,2,신항,외항,수입환적,12,신항6부두,컨테이너부두,외국선,공컨,0,292,494,0,786,1280
2024,04,2,신항,외항,수출,12,신항6부두,컨테이너부두,외국선,공컨,0,409,1411,0,1820,3231
2024,04,2,신항,외항,수입,12,신항6부두,컨테이너부두,외국선,공컨,0,1888,3870,34,5792,9704.5
2024,08,3,신항,외항,수출환적,12,신항6부두,컨테이너부두,외국선,공컨,0,26,226,0,252,478
2024,08,3,신항,외항,수입환적,12,신항6부두,컨테이너부두,외국선,공컨,0,4,418,0,422,840
2024,08,3,신항,외항,수출,12,신항6부두,컨테이너부두,외국선,공컨,0,480,1618,0,2098,3716
2024,08,3,신항,외항,수입,12,신항6부두,컨테이너부두,외국선,공컨,0,3983,4175,0,8158,12333
2024,10,4,신항,외항,수출환적,12,신항6부두,컨테이너부두,외국선,공컨,0,2,268,0,270,538
2024,10,4,신항,외항,수입환적,12,신항6부두,컨테이너부두,외국선,공컨,0,15,599,0,614,1213
2024,10,4,신항,외항,수출,12,신항6부두,컨테이너부두,외국선,공컨,0,571,2370,0,2941,5311
2024,10,4,신항,외항,수입,12,신항6부두,컨테이너부두,외국선,공컨,0,4740,6385,0,11125,17510
2024,02,1,신항,외항,수출환적,12,신항6부두,컨테이너부두,외국선,공컨,0,12,1720,0,1732,3452
2024,02,1,신항,외항,수입환적,12,신항6부두,컨테이너부두,외국선,공컨,0,18,773,0,791,1564
2024,02,1,신항,외항,수출,12,신항6부두,컨테이너부두,외국선,공컨,0,96,549,0,645,1194
2024,02,1,신항,외항,수입,12,신항6부두,컨테이너부두,외국선,공컨,0,1433,1080,0,2513,3593
2024,06,2,신항,외항,수출환적,12,신항6부두,컨테이너부두,외국선,공컨,0,9,136,0,145,281
2024,06,2,신항,외항,수입환적,12,신항6부두,컨테이너부두,외국선,공컨,0,26,209,0,235,444
2024,06,2,신항,외항,수출,12,신항6부두,컨테이너부두,외국선,공컨,0,476,2133,0,2609,4742
2024,06,2,신항,외항,수입,12,신항6부두,컨테이너부두,외국선,공컨,0,1285,3278,0,4563,7841
2024,07,3,신항,외항,수출환적,12,신항6부두,컨테이너부두,외국선,공컨,0,21,281,60,362,718
2024,11,4,신항,외항,수출환적,12,신항6부두,컨테이너부두,외국선,공컨,0,25,876,0,901,1777
2024,11,4,신항,외항,수입환적,12,신항6부두,컨테이너부두,외국선,공컨,0,5,1199,1,1205,2405.25
2024,11,4,신항,외항,수출,12,신항6부두,컨테이너부두,외국선,공컨,0,742,2255,0,2997,5252
2024,11,4,신항,외항,수입,12,신항6부두,컨테이너부두,외국선,공컨,0,2917,2991,0,5908,8899
2024,07,3,신항,외항,수입환적,12,신항6부두,컨테이너부두,외국선,공컨,0,111,1084,0,1195,2279
2024,07,3,신항,외항,수출,12,신항6부두,컨테이너부두,외국선,공컨,0,847,2287,0,3134,5421
2024,07,3,신항,외항,수입,12,신항6부두,컨테이너부두,외국선,공컨,0,2092,4007,32,6131,10178
2024,05,2,신항,외항,수출환적,12,신항6부두,컨테이너부두,외국선,공컨,0,169,1912,0,2081,3993
2024,05,2,신항,외항,수입환적,12,신항6부두,컨테이너부두,외국선,공컨,0,14,555,0,569,1124
2024,05,2,신항,외항,수출,12,신항6부두,컨테이너부두,외국선,공컨,0,272,2559,0,2831,5390
2024,05,2,신항,외항,수입,12,신항6부두,컨테이너부두,외국선,공컨,0,2868,3194,18,6080,9296.5
2024,12,4,신항,외항,수출환적,12,신항6부두,컨테이너부두,외국선,공컨,0,119,0,0,119,119
2024,12,4,신항,외항,수입환적,12,신항6부두,컨테이너부두,외국선,공컨,6,86,1490,0,1582,3069
2024,09,3,신항,외항,수출환적,12,신항6부두,컨테이너부두,외국선,공컨,0,0,922,0,922,1844
2024,09,3,신항,외항,수입환적,12,신항6부두,컨테이너부두,외국선,공컨,0,0,1159,31,1190,2387.75
2024,09,3,신항,외항,수출,12,신항6부두,컨테이너부두,외국선,공컨,0,461,2191,0,2652,4843
2024,09,3,신항,외항,수입,12,신항6부두,컨테이너부두,외국선,공컨,0,2549,4244,27,6820,11097.75
2024,12,4,신항,외항,수출,12,신항6부두,컨테이너부두,외국선,공컨,0,585,1721,0,2306,4027
2024,12,4,신항,외항,수입,12,신항6부두,컨테이너부두,외국선,공컨,0,2592,3354,0,5946,9300
2024,01,1,신항,외항,수출환적,12,신항6부두,컨테이너부두,외국선,공컨,0,23,770,0,793,1563
2024,01,1,신항,외항,수입환적,12,신항6부두,컨테이너부두,외국선,공컨,0,27,2537,0,2564,5101
2024,01,1,신항,외항,수출,12,신항6부두,컨테이너부두,외국선,공컨,0,241,830,0,1071,1901
2024,01,1,신항,외항,수입,12,신항6부두,컨테이너부두,외국선,공컨,0,1428,2810,29,4267,7113.25
2024,03,1,신항,외항,수출환적,12,신항6부두,컨테이너부두,외국선,적컨,0,3987,9925,2,13914,23841.5
2024,03,1,북항,외항,수출,31,신감만부두,컨테이너부두,외국선,적컨,0,1059,972,0,2031,3003
2024,03,1,북항,외항,수출환적,31,신감만부두,컨테이너부두,외국선,적컨,0,407,295,0,702,997
2024,03,1,북항,외항,수입환적,31,신감만부두,컨테이너부두,외국선,적컨,0,401,313,0,714,1027
2024,04,2,북항,외항,수입환적,31,신감만부두,컨테이너부두,외국선,적컨,0,230,37,0,267,304
2024,04,2,북항,외항,수입,31,신감만부두,컨테이너부두,외국선,적컨,0,4,17,0,21,38
2024,03,1,북항,외항,수입,31,신감만부두,컨테이너부두,외국선,적컨,0,1568,1098,0,2666,3764
2024,10,4,북항,외항,수출환적,31,신감만부두,컨테이너부두,외국선,적컨,0,3614,3201,0,6815,10016
2024,10,4,북항,외항,수입환적,31,신감만부두,컨테이너부두,외국선,적컨,0,4897,3990,0,8887,12877
2024,10,4,북항,외항,수출,31,신감만부두,컨테이너부두,외국선,적컨,0,5236,3429,8,8673,12112
2024,10,4,북항,외항,수입,31,신감만부두,컨테이너부두,외국선,적컨,0,3080,3604,0,6684,10288
2024,02,1,북항,외항,수출환적,31,신감만부두,컨테이너부두,외국선,적컨,0,1415,1812,0,3227,5039
2024,02,1,북항,외항,수입환적,31,신감만부두,컨테이너부두,외국선,적컨,0,1645,2112,0,3757,5869
2024,02,1,북항,외항,수출,31,신감만부두,컨테이너부두,외국선,적컨,0,4486,4245,2,8733,12980.5
2024,02,1,북항,외항,수입,31,신감만부두,컨테이너부두,외국선,적컨,0,5252,3677,0,8929,12606
2024,11,4,북항,외항,수출환적,31,신감만부두,컨테이너부두,외국선,적컨,0,4305,3327,0,7632,10959
2024,11,4,북항,외항,수입환적,31,신감만부두,컨테이너부두,외국선,적컨,0,5005,4701,0,9706,14407
2024,11,4,북항,외항,수출,31,신감만부두,컨테이너부두,외국선,적컨,0,4935,3771,1,8707,12479.25
2024,11,4,북항,외항,수입,31,신감만부두,컨테이너부두,외국선,적컨,0,2866,3654,0,6520,10174
2024,09,3,북항,외항,수출,31,신감만부두,컨테이너부두,외국선,적컨,0,3373,2117,2,5492,7611.5
2024,09,3,북항,외항,수입,31,신감만부두,컨테이너부두,외국선,적컨,0,2429,2922,0,5351,8273
2024,09,3,북항,외항,수출환적,31,신감만부두,컨테이너부두,외국선,적컨,0,3451,2779,0,6230,9009
2024,09,3,북항,외항,수입환적,31,신감만부두,컨테이너부두,외국선,적컨,0,4351,3167,0,7518,10685
2024,12,4,북항,외항,수출환적,31,신감만부두,컨테이너부두,외국선,적컨,0,3779,3398,0,7177,10575
2024,12,4,북항,외항,수입환적,31,신감만부두,컨테이너부두,외국선,적컨,0,4389,3928,0,8317,12245
2024,12,4,북항,외항,수출,31,신감만부두,컨테이너부두,외국선,적컨,0,3713,3103,0,6816,9919
2024,12,4,북항,외항,수입,31,신감만부두,컨테이너부두,외국선,적컨,0,4722,4449,0,9171,13620
2024,01,1,북항,외항,수출환적,31,신감만부두,컨테이너부두,외국선,적컨,0,2218,1923,0,4141,6064
2024,01,1,북항,외항,수입환적,31,신감만부두,컨테이너부두,외국선,적컨,0,3235,2216,0,5451,7667
2024,01,1,북항,외항,수출,31,신감만부두,컨테이너부두,외국선,적컨,0,3687,4121,2,7810,11933.5
2024,01,1,북항,외항,수입,31,신감만부두,컨테이너부두,외국선,적컨,0,7554,5219,2,12775,17996.5
2024,03,1,북항,외항,수출,31,신감만부두,컨테이너부두,아국선,공컨,0,109,67,0,176,243
2024,10,4,북항,외항,수출환적,31,신감만부두,컨테이너부두,아국선,공컨,0,10,0,0,10,10
2024,10,4,북항,외항,수입환적,31,신감만부두,컨테이너부두,아국선,공컨,0,48,1,0,49,50
2024,10,4,북항,외항,수출,31,신감만부두,컨테이너부두,아국선,공컨,0,263,1340,20,1623,2988
2024,10,4,북항,외항,수입,31,신감만부두,컨테이너부두,아국선,공컨,0,1613,780,5,2398,3184.25
2024,02,1,북항,외항,수출,31,신감만부두,컨테이너부두,아국선,공컨,0,487,184,0,671,855
2024,11,4,북항,외항,수출환적,31,신감만부두,컨테이너부두,아국선,공컨,0,30,2,0,32,34
2024,11,4,북항,외항,수입환적,31,신감만부두,컨테이너부두,아국선,공컨,0,52,103,0,155,258
2024,11,4,북항,외항,수출,31,신감만부두,컨테이너부두,아국선,공컨,0,700,1658,40,2398,4106
2024,11,4,북항,외항,수입,31,신감만부두,컨테이너부두,아국선,공컨,0,1286,445,20,1751,2221
2024,09,3,북항,외항,수출,31,신감만부두,컨테이너부두,아국선,공컨,0,820,1047,39,1906,3001.75
2024,09,3,북항,외항,수입,31,신감만부두,컨테이너부두,아국선,공컨,0,1641,606,57,2304,2981.25
2024,09,3,북항,외항,수출환적,31,신감만부두,컨테이너부두,아국선,공컨,0,2,10,0,12,22
2024,09,3,북항,외항,수입환적,31,신감만부두,컨테이너부두,아국선,공컨,0,10,41,0,51,92
2024,12,4,북항,외항,수출환적,31,신감만부두,컨테이너부두,아국선,공컨,0,11,10,0,21,31
2024,12,4,북항,외항,수입환적,31,신감만부두,컨테이너부두,아국선,공컨,0,41,16,0,57,73
2024,12,4,북항,외항,수출,31,신감만부두,컨테이너부두,아국선,공컨,0,317,220,0,537,757
2024,12,4,북항,외항,수입,31,신감만부두,컨테이너부두,아국선,공컨,0,1028,543,20,1591,2159
2024,01,1,북항,외항,수입환적,31,신감만부두,컨테이너부두,아국선,공컨,0,0,3,0,3,6
2024,01,1,북항,외항,수출,31,신감만부두,컨테이너부두,아국선,공컨,0,749,382,0,1131,1513
2024,01,1,북항,외항,수입,31,신감만부두,컨테이너부두,아국선,공컨,0,225,102,0,327,429
2024,03,1,북항,외항,수출,31,신감만부두,컨테이너부두,아국선,적컨,0,30,5,0,35,40
2024,03,1,북항,외항,수출환적,31,신감만부두,컨테이너부두,아국선,적컨,0,30,20,0,50,70
2024,03,1,북항,외항,수입환적,31,신감만부두,컨테이너부두,아국선,적컨,0,47,24,0,71,95
2024,03,1,북항,외항,수입,31,신감만부두,컨테이너부두,아국선,적컨,0,78,98,0,176,274
2024,10,4,북항,외항,수출환적,31,신감만부두,컨테이너부두,아국선,적컨,0,3271,2628,0,5899,8527
2024,10,4,북항,외항,수입환적,31,신감만부두,컨테이너부두,아국선,적컨,0,3626,2648,0,6274,8922
2024,10,4,북항,외항,수출,31,신감만부두,컨테이너부두,아국선,적컨,0,2795,1681,12,4488,6184
2024,10,4,북항,외항,수입,31,신감만부두,컨테이너부두,아국선,적컨,0,2097,2216,0,4313,6529
2024,02,1,북항,외항,수출환적,31,신감만부두,컨테이너부두,아국선,적컨,0,135,33,0,168,201
2024,02,1,북항,외항,수입환적,31,신감만부두,컨테이너부두,아국선,적컨,0,108,90,0,198,288
2024,02,1,북항,외항,수출,31,신감만부두,컨테이너부두,아국선,적컨,0,75,22,0,97,119
2024,02,1,북항,외항,수입,31,신감만부두,컨테이너부두,아국선,적컨,0,303,260,0,563,823
2024,11,4,북항,외항,수출환적,31,신감만부두,컨테이너부두,아국선,적컨,0,3561,2625,0,6186,8811
2024,11,4,북항,외항,수입환적,31,신감만부두,컨테이너부두,아국선,적컨,0,3918,2846,0,6764,9610
2024,11,4,북항,외항,수출,31,신감만부두,컨테이너부두,아국선,적컨,0,2949,1858,8,4815,6683
2024,11,4,북항,외항,수입,31,신감만부두,컨테이너부두,아국선,적컨,0,2159,2355,0,4514,6869
2024,09,3,북항,외항,수출,31,신감만부두,컨테이너부두,아국선,적컨,0,2865,1760,8,4633,6403
2024,09,3,북항,외항,수입,31,신감만부두,컨테이너부두,아국선,적컨,0,1765,2475,0,4240,6715
2024,09,3,북항,외항,수출환적,31,신감만부두,컨테이너부두,아국선,적컨,0,2999,2545,0,5544,8089
2024,09,3,북항,외항,수입환적,31,신감만부두,컨테이너부두,아국선,적컨,0,3163,2397,0,5560,7957
2024,12,4,북항,외항,수출환적,31,신감만부두,컨테이너부두,아국선,적컨,0,2687,2100,0,4787,6887
2024,12,4,북항,외항,수입환적,31,신감만부두,컨테이너부두,아국선,적컨,0,2654,2433,0,5087,7520
2024,12,4,북항,외항,수출,31,신감만부두,컨테이너부두,아국선,적컨,0,1912,1200,2,3114,4316.5
2024,12,4,북항,외항,수입,31,신감만부두,컨테이너부두,아국선,적컨,0,1606,1719,0,3325,5044
2024,03,1,신항,외항,수입환적,12,신항6부두,컨테이너부두,외국선,적컨,0,4464,11582,34,16080,27704.5
2024,03,1,신항,외항,수출,12,신항6부두,컨테이너부두,외국선,적컨,0,5443,6974,1,12418,19393.25
2024,03,1,신항,외항,수입,12,신항6부두,컨테이너부두,외국선,적컨,0,3317,4226,0,7543,11769
2024,04,2,신항,외항,수출환적,12,신항6부두,컨테이너부두,외국선,적컨,0,5517,11321,23,16861,28210.75
2024,04,2,신항,외항,수입환적,12,신항6부두,컨테이너부두,외국선,적컨,0,4712,11742,52,16506,28313
2024,04,2,신항,외항,수출,12,신항6부두,컨테이너부두,외국선,적컨,0,4358,5874,11,10243,16130.75
2024,04,2,신항,외항,수입,12,신항6부두,컨테이너부두,외국선,적컨,0,2816,4193,0,7009,11202
2024,08,3,신항,외항,수출환적,12,신항6부두,컨테이너부두,외국선,적컨,0,4590,11367,2,15959,27328.5
2024,08,3,신항,외항,수입환적,12,신항6부두,컨테이너부두,외국선,적컨,0,3760,9886,21,13667,23579.25
2024,08,3,신항,외항,수출,12,신항6부두,컨테이너부두,외국선,적컨,0,5321,9220,8,14549,23779
2024,08,3,신항,외항,수입,12,신항6부두,컨테이너부두,외국선,적컨,0,3722,4291,0,8013,12304
2024,10,4,신항,외항,수출환적,12,신항6부두,컨테이너부두,외국선,적컨,0,3242,8494,8,11744,20248
2024,10,4,신항,외항,수입환적,12,신항6부두,컨테이너부두,외국선,적컨,0,4543,7345,4,11892,19242
2024,10,4,신항,외항,수출,12,신항6부두,컨테이너부두,외국선,적컨,0,5384,6534,4,11922,18461
2024,10,4,신항,외항,수입,12,신항6부두,컨테이너부두,외국선,적컨,0,2987,4439,0,7426,11865
2024,02,1,신항,외항,수출환적,12,신항6부두,컨테이너부두,외국선,적컨,0,3248,8790,2,12040,20832.5
2024,02,1,신항,외항,수입환적,12,신항6부두,컨테이너부두,외국선,적컨,0,2750,10457,25,13232,23720.25
2024,02,1,신항,외항,수출,12,신항6부두,컨테이너부두,외국선,적컨,0,2833,3716,1,6550,10267.25
2024,02,1,신항,외항,수입,12,신항6부두,컨테이너부두,외국선,적컨,0,1835,2329,0,4164,6493
2024,06,2,신항,외항,수출환적,12,신항6부두,컨테이너부두,외국선,적컨,0,4093,11066,47,15206,26330.75
2024,06,2,신항,외항,수입환적,12,신항6부두,컨테이너부두,외국선,적컨,0,4109,10152,77,14338,24586.25
2024,06,2,신항,외항,수출,12,신항6부두,컨테이너부두,외국선,적컨,0,5648,7883,16,13547,21450
2024,06,2,신항,외항,수입,12,신항6부두,컨테이너부두,외국선,적컨,0,3604,5086,2,8692,13780.5
2024,07,3,신항,외항,수출환적,12,신항6부두,컨테이너부두,외국선,적컨,0,5575,14078,89,19742,33931.25
2024,11,4,신항,외항,수출환적,12,신항6부두,컨테이너부두,외국선,적컨,0,3408,8582,1,11991,20574.25
2024,11,4,신항,외항,수입환적,12,신항6부두,컨테이너부두,외국선,적컨,0,2992,7724,17,10733,18478.25
2024,11,4,신항,외항,수출,12,신항6부두,컨테이너부두,외국선,적컨,0,4948,5867,1,10816,16684.25
2024,11,4,신항,외항,수입,12,신항6부두,컨테이너부두,외국선,적컨,0,3550,5715,4,9269,14989
2024,07,3,신항,외항,수입환적,12,신항6부두,컨테이너부두,외국선,적컨,0,5259,11113,20,16392,27530
2024,07,3,신항,외항,수출,12,신항6부두,컨테이너부두,외국선,적컨,0,5385,8201,8,13594,21805
2024,07,3,신항,외항,수입,12,신항6부두,컨테이너부두,외국선,적컨,0,2811,5215,0,8026,13241
2024,05,2,신항,외항,수출환적,12,신항6부두,컨테이너부두,외국선,적컨,0,5659,11676,22,17357,29060.5
2024,05,2,신항,외항,수입환적,12,신항6부두,컨테이너부두,외국선,적컨,0,5662,11677,20,17359,29061
2024,05,2,신항,외항,수출,12,신항6부두,컨테이너부두,외국선,적컨,0,4315,4571,3,8889,13463.75
2024,05,2,신항,외항,수입,12,신항6부두,컨테이너부두,외국선,적컨,0,2656,4206,1,6863,11070.25
2024,12,4,신항,외항,수출환적,12,신항6부두,컨테이너부두,외국선,적컨,0,3833,8093,0,11926,20019
2024,12,4,신항,외항,수입환적,12,신항6부두,컨테이너부두,외국선,적컨,0,4416,8426,8,12850,21286
2024,09,3,신항,외항,수출환적,12,신항6부두,컨테이너부두,외국선,적컨,0,3952,8900,9,12861,21772.25
2024,09,3,신항,외항,수입환적,12,신항6부두,컨테이너부두,외국선,적컨,0,4831,9268,11,14110,23391.75
2024,09,3,신항,외항,수출,12,신항6부두,컨테이너부두,외국선,적컨,0,5180,5419,4,10603,16027
2024,09,3,신항,외항,수입,12,신항6부두,컨테이너부두,외국선,적컨,0,2487,4369,6,6862,11238.5
2024,12,4,신항,외항,수출,12,신항6부두,컨테이너부두,외국선,적컨,0,4255,5538,3,9796,15337.75
2024,12,4,신항,외항,수입,12,신항6부두,컨테이너부두,외국선,적컨,0,3179,4063,3,7245,11311.75
2024,01,1,신항,외항,수출환적,12,신항6부두,컨테이너부두,외국선,적컨,0,3663,8886,0,12549,21435
2024,01,1,신항,외항,수입환적,12,신항6부두,컨테이너부두,외국선,적컨,0,3888,8717,26,12631,21380.5
2024,01,1,신항,외항,수출,12,신항6부두,컨테이너부두,외국선,적컨,0,4783,4908,4,9695,14608
2024,01,1,신항,외항,수입,12,신항6부두,컨테이너부두,외국선,적컨,0,2353,3153,0,5506,8659
2024,03,1,신항,외항,수출환적,12,신항6부두,컨테이너부두,아국선,공컨,0,1,0,0,1,1
2024,03,1,신항,외항,수입환적,12,신항6부두,컨테이너부두,아국선,공컨,0,1,0,0,1,1
2024,03,1,신항,외항,수출,12,신항6부두,컨테이너부두,아국선,공컨,0,174,99,0,273,372
2024,03,1,신항,외항,수입,12,신항6부두,컨테이너부두,아국선,공컨,0,69,73,0,142,215
2024,04,2,신항,외항,수출환적,12,신항6부두,컨테이너부두,아국선,공컨,0,1,0,0,1,1
2024,04,2,신항,외항,수입환적,12,신항6부두,컨테이너부두,아국선,공컨,0,2,31,0,33,64
2024,04,2,신항,외항,수출,12,신항6부두,컨테이너부두,아국선,공컨,0,26,113,0,139,252
2024,04,2,신항,외항,수입,12,신항6부두,컨테이너부두,아국선,공컨,0,385,198,0,583,781
2024,08,3,신항,외항,수출환적,12,신항6부두,컨테이너부두,아국선,공컨,0,2,0,0,2,2
2024,08,3,신항,외항,수입환적,12,신항6부두,컨테이너부두,아국선,공컨,0,0,2,0,2,4
2024,08,3,신항,외항,수출,12,신항6부두,컨테이너부두,아국선,공컨,0,13,91,0,104,195
2024,08,3,신항,외항,수입,12,신항6부두,컨테이너부두,아국선,공컨,0,342,192,0,534,726
2024,10,4,신항,외항,수출환적,12,신항6부두,컨테이너부두,아국선,공컨,0,4,0,0,4,4
2024,10,4,신항,외항,수출,12,신항6부두,컨테이너부두,아국선,공컨,0,80,153,0,233,386
2024,10,4,신항,외항,수입,12,신항6부두,컨테이너부두,아국선,공컨,0,673,389,0,1062,1451
2024,02,1,신항,외항,수입환적,12,신항6부두,컨테이너부두,아국선,공컨,0,15,22,0,37,59
2024,02,1,신항,외항,수출,12,신항6부두,컨테이너부두,아국선,공컨,0,147,68,0,215,283
2024,02,1,신항,외항,수입,12,신항6부두,컨테이너부두,아국선,공컨,0,312,728,0,1040,1768
2024,06,2,신항,외항,수출,12,신항6부두,컨테이너부두,아국선,공컨,0,15,42,0,57,99
2024,06,2,신항,외항,수입,12,신항6부두,컨테이너부두,아국선,공컨,0,228,445,0,673,1118
2024,07,3,신항,외항,수출환적,12,신항6부두,컨테이너부두,아국선,공컨,0,1,0,0,1,1
2024,11,4,신항,외항,수입환적,12,신항6부두,컨테이너부두,아국선,공컨,0,1,5,0,6,11
2024,11,4,신항,외항,수출,12,신항6부두,컨테이너부두,아국선,공컨,0,137,78,0,215,293
2024,11,4,신항,외항,수입,12,신항6부두,컨테이너부두,아국선,공컨,0,277,273,0,550,823
2024,07,3,신항,외항,수출,12,신항6부두,컨테이너부두,아국선,공컨,0,24,93,0,117,210
2024,07,3,신항,외항,수입,12,신항6부두,컨테이너부두,아국선,공컨,0,288,298,0,586,884
2024,05,2,신항,외항,수출환적,12,신항6부두,컨테이너부두,아국선,공컨,0,10,0,0,10,10
2024,05,2,신항,외항,수출,12,신항6부두,컨테이너부두,아국선,공컨,0,52,95,0,147,242
2024,01,1,북항,외항,수출환적,31,신감만부두,컨테이너부두,아국선,적컨,0,211,264,0,475,739
2024,01,1,북항,외항,수입환적,31,신감만부두,컨테이너부두,아국선,적컨,0,179,233,0,412,645
2024,01,1,북항,외항,수출,31,신감만부두,컨테이너부두,아국선,적컨,0,310,202,0,512,714
2024,01,1,북항,외항,수입,31,신감만부두,컨테이너부두,아국선,적컨,0,574,545,0,1119,1664
2024,03,1,신항,외항,수출환적,1,신항1부두,컨테이너부두,외국선,공컨,0,933,6514,0,7447,13961
2024,03,1,신항,외항,수입환적,1,신항1부두,컨테이너부두,외국선,공컨,0,983,7347,0,8330,15677
2024,03,1,신항,외항,수출,1,신항1부두,컨테이너부두,외국선,공컨,0,468,992,0,1460,2452
2024,03,1,신항,외항,수입,1,신항1부두,컨테이너부두,외국선,공컨,0,3279,7942,22,11243,19212.5
2024,04,2,신항,외항,수출환적,1,신항1부두,컨테이너부두,외국선,공컨,0,826,3486,0,4312,7798
2024,04,2,신항,외항,수입환적,1,신항1부두,컨테이너부두,외국선,공컨,0,724,3323,42,4089,7464.5
2024,04,2,신항,외항,수출,1,신항1부두,컨테이너부두,외국선,공컨,0,221,1169,0,1390,2559
2024,04,2,신항,외항,수입,1,신항1부두,컨테이너부두,외국선,공컨,0,2872,4954,0,7826,12780
2024,08,3,신항,외항,수출환적,1,신항1부두,컨테이너부두,외국선,공컨,0,198,3386,4,3588,6979
2024,08,3,신항,외항,수입환적,1,신항1부두,컨테이너부두,외국선,공컨,0,50,4591,0,4641,9232
2024,08,3,신항,외항,수출,1,신항1부두,컨테이너부두,외국선,공컨,0,50,1012,0,1062,2074
2024,08,3,신항,외항,수입,1,신항1부두,컨테이너부두,외국선,공컨,0,3531,4084,0,7615,11699
2024,10,4,신항,외항,수출환적,1,신항1부두,컨테이너부두,외국선,공컨,0,853,6002,0,6855,12857
2024,10,4,신항,외항,수입환적,1,신항1부두,컨테이너부두,외국선,공컨,0,997,3379,0,4376,7755
2024,10,4,신항,외항,수출,1,신항1부두,컨테이너부두,외국선,공컨,0,113,2546,31,2690,5274.75
2024,10,4,신항,외항,수입,1,신항1부두,컨테이너부두,외국선,공컨,0,2118,3974,0,6092,10066
2024,02,1,신항,외항,수출환적,1,신항1부두,컨테이너부두,외국선,공컨,0,228,3631,0,3859,7490
2024,02,1,신항,외항,수입환적,1,신항1부두,컨테이너부두,외국선,공컨,0,49,1853,0,1902,3755
2024,02,1,신항,외항,수출,1,신항1부두,컨테이너부두,외국선,공컨,0,128,1128,0,1256,2384
2024,02,1,신항,외항,수입,1,신항1부두,컨테이너부두,외국선,공컨,0,1856,3639,0,5495,9134
2024,06,2,신항,외항,수출환적,1,신항1부두,컨테이너부두,외국선,공컨,0,788,2264,0,3052,5316
2024,06,2,신항,외항,수입환적,1,신항1부두,컨테이너부두,외국선,공컨,0,90,2256,0,2346,4602
2024,06,2,신항,외항,수출,1,신항1부두,컨테이너부두,외국선,공컨,0,52,990,0,1042,2032
2024,06,2,신항,외항,수입,1,신항1부두,컨테이너부두,외국선,공컨,0,3834,6967,0,10801,17768
2024,11,4,신항,외항,수출환적,1,신항1부두,컨테이너부두,외국선,공컨,0,26,3864,9,3899,7774.25
2024,11,4,신항,외항,수입환적,1,신항1부두,컨테이너부두,외국선,공컨,0,14,3931,9,3954,7896.25
2024,11,4,신항,외항,수출,1,신항1부두,컨테이너부두,외국선,공컨,0,72,716,0,788,1504
2024,11,4,신항,외항,수입,1,신항1부두,컨테이너부두,외국선,공컨,0,2062,4738,8,6808,11556
2024,07,3,신항,외항,수입환적,1,신항1부두,컨테이너부두,외국선,공컨,0,196,1353,0,1549,2902
2024,07,3,신항,외항,수출,1,신항1부두,컨테이너부두,외국선,공컨,0,25,2023,0,2048,4071
2024,07,3,신항,외항,수입,1,신항1부두,컨테이너부두,외국선,공컨,0,2490,2402,0,4892,7294
2024,07,3,신항,외항,수출환적,1,신항1부두,컨테이너부두,외국선,공컨,0,184,2718,0,2902,5620
2024,05,2,신항,외항,수출환적,1,신항1부두,컨테이너부두,외국선,공컨,0,725,2525,42,3292,5869.5
2024,05,2,신항,외항,수입환적,1,신항1부두,컨테이너부두,외국선,공컨,0,574,2442,0,3016,5458
2024,05,2,신항,외항,수출,1,신항1부두,컨테이너부두,외국선,공컨,0,165,1709,0,1874,3583
2024,05,2,신항,외항,수입,1,신항1부두,컨테이너부두,외국선,공컨,0,3023,4736,0,7759,12495
2024,12,4,신항,외항,수출환적,1,신항1부두,컨테이너부두,외국선,공컨,0,69,6574,0,6643,13217
2024,12,4,신항,외항,수입환적,1,신항1부두,컨테이너부두,외국선,공컨,0,69,3089,0,3158,6247
2024,09,3,신항,외항,수출환적,1,신항1부두,컨테이너부두,외국선,공컨,0,97,3631,0,3728,7359
2024,09,3,신항,외항,수입환적,1,신항1부두,컨테이너부두,외국선,공컨,0,53,6151,0,6204,12355
2024,09,3,신항,외항,수출,1,신항1부두,컨테이너부두,외국선,공컨,0,70,1055,0,1125,2180
2024,09,3,신항,외항,수입,1,신항1부두,컨테이너부두,외국선,공컨,0,3426,3462,30,6918,10417.5
2024,12,4,신항,외항,수출,1,신항1부두,컨테이너부두,외국선,공컨,0,384,542,0,926,1468
2024,12,4,신항,외항,수입,1,신항1부두,컨테이너부두,외국선,공컨,0,3261,3574,0,6835,10409
2024,01,1,신항,외항,수출환적,1,신항1부두,컨테이너부두,외국선,공컨,0,284,3547,0,3831,7378
2024,01,1,신항,외항,수입환적,1,신항1부두,컨테이너부두,외국선,공컨,0,196,2300,64,2560,4940
2024,01,1,신항,외항,수출,1,신항1부두,컨테이너부두,외국선,공컨,0,89,1625,0,1714,3339
2024,01,1,신항,외항,수입,1,신항1부두,컨테이너부두,외국선,공컨,0,3243,5886,0,9129,15015
2024,03,1,신항,외항,수출환적,1,신항1부두,컨테이너부두,외국선,적컨,0,16853,46872,134,63859,110898.5
2024,03,1,신항,외항,수입환적,1,신항1부두,컨테이너부두,외국선,적컨,0,15077,40576,177,55830,96627.25
2024,03,1,신항,외항,수출,1,신항1부두,컨테이너부두,외국선,적컨,0,5925,7342,2,13269,20613.5
2024,03,1,신항,외항,수입,1,신항1부두,컨테이너부두,외국선,적컨,0,1802,3116,0,4918,8034
2024,04,2,신항,외항,수출환적,1,신항1부두,컨테이너부두,외국선,적컨,0,15282,42219,143,57644,100041.75
2024,04,2,신항,외항,수입환적,1,신항1부두,컨테이너부두,외국선,적컨,0,13312,37393,56,50761,88224
2024,04,2,신항,외항,수출,1,신항1부두,컨테이너부두,외국선,적컨,0,5079,7898,0,12977,20875
2024,04,2,신항,외항,수입,1,신항1부두,컨테이너부두,외국선,적컨,0,2707,4971,0,7678,12649
2024,08,3,신항,외항,수출환적,1,신항1부두,컨테이너부두,외국선,적컨,0,14663,39729,31,54423,94190.75
2024,08,3,신항,외항,수입환적,1,신항1부두,컨테이너부두,외국선,적컨,0,14652,39701,51,54404,94168.75
2024,08,3,신항,외항,수출,1,신항1부두,컨테이너부두,외국선,적컨,0,4712,6795,0,11507,18302
2024,08,3,신항,외항,수입,1,신항1부두,컨테이너부두,외국선,적컨,0,1706,3795,0,5501,9296
2024,10,4,신항,외항,수출환적,1,신항1부두,컨테이너부두,외국선,적컨,0,14508,46604,35,61147,107794.75
2024,10,4,신항,외항,수입환적,1,신항1부두,컨테이너부두,외국선,적컨,0,12081,38423,34,50538,89003.5
2024,10,4,신항,외항,수출,1,신항1부두,컨테이너부두,외국선,적컨,0,4693,6853,0,11546,18399
2024,10,4,신항,외항,수입,1,신항1부두,컨테이너부두,외국선,적컨,0,1102,2891,0,3993,6884
2024,02,1,신항,외항,수출환적,1,신항1부두,컨테이너부두,외국선,적컨,0,13232,39131,541,52904,92711.25
2024,02,1,신항,외항,수입환적,1,신항1부두,컨테이너부두,외국선,적컨,0,14670,36754,341,51765,88945.25
2024,02,1,신항,외항,수출,1,신항1부두,컨테이너부두,외국선,적컨,0,5124,7298,0,12422,19720
2024,02,1,신항,외항,수입,1,신항1부두,컨테이너부두,외국선,적컨,0,1622,1858,1,3481,5340.25
2024,06,2,신항,외항,수출환적,1,신항1부두,컨테이너부두,외국선,적컨,0,15175,40443,102,55720,96290.5
2024,06,2,신항,외항,수입환적,1,신항1부두,컨테이너부두,외국선,적컨,0,15695,39041,56,54792,93903
2024,06,2,신항,외항,수출,1,신항1부두,컨테이너부두,외국선,적컨,0,4775,6543,0,11318,17861
2024,05,2,신항,외항,수입,12,신항6부두,컨테이너부두,아국선,공컨,0,179,241,0,420,661
2024,12,4,신항,외항,수입환적,12,신항6부두,컨테이너부두,아국선,공컨,0,2,7,0,9,16
2024,09,3,신항,외항,수출환적,12,신항6부두,컨테이너부두,아국선,공컨,0,5,0,0,5,5
2024,09,3,신항,외항,수입환적,12,신항6부두,컨테이너부두,아국선,공컨,0,4,0,0,4,4
2024,09,3,신항,외항,수출,12,신항6부두,컨테이너부두,아국선,공컨,0,62,151,0,213,364
2024,09,3,신항,외항,수입,12,신항6부두,컨테이너부두,아국선,공컨,0,461,459,0,920,1379
2024,12,4,신항,외항,수출,12,신항6부두,컨테이너부두,아국선,공컨,0,80,133,0,213,346
2024,12,4,신항,외항,수입,12,신항6부두,컨테이너부두,아국선,공컨,0,278,200,0,478,678
2024,01,1,신항,외항,수출환적,12,신항6부두,컨테이너부두,아국선,공컨,0,0,10,0,10,20
2024,01,1,신항,외항,수입환적,12,신항6부두,컨테이너부두,아국선,공컨,0,11,19,0,30,49
2024,01,1,신항,외항,수출,12,신항6부두,컨테이너부두,아국선,공컨,0,145,62,0,207,269
2024,01,1,신항,외항,수입,12,신항6부두,컨테이너부두,아국선,공컨,0,197,80,0,277,357
2024,03,1,신항,외항,수출환적,12,신항6부두,컨테이너부두,아국선,적컨,0,633,1376,0,2009,3385
2024,03,1,신항,외항,수입환적,12,신항6부두,컨테이너부두,아국선,적컨,0,344,647,0,991,1638
2024,03,1,신항,외항,수출,12,신항6부두,컨테이너부두,아국선,적컨,0,682,542,0,1224,1766
2024,03,1,신항,외항,수입,12,신항6부두,컨테이너부두,아국선,적컨,0,463,484,0,947,1431
2024,04,2,신항,외항,수출환적,12,신항6부두,컨테이너부두,아국선,적컨,0,548,1040,0,1588,2628
2024,04,2,신항,외항,수입환적,12,신항6부두,컨테이너부두,아국선,적컨,0,368,449,0,817,1266
2024,04,2,신항,외항,수출,12,신항6부두,컨테이너부두,아국선,적컨,0,370,255,0,625,880
2024,04,2,신항,외항,수입,12,신항6부두,컨테이너부두,아국선,적컨,0,275,250,0,525,775
2024,08,3,신항,외항,수출환적,12,신항6부두,컨테이너부두,아국선,적컨,0,531,1027,0,1558,2585
2024,08,3,신항,외항,수입환적,12,신항6부두,컨테이너부두,아국선,적컨,0,206,388,0,594,982
2024,08,3,신항,외항,수출,12,신항6부두,컨테이너부두,아국선,적컨,0,320,290,0,610,900
2024,08,3,신항,외항,수입,12,신항6부두,컨테이너부두,아국선,적컨,0,407,353,1,761,1115.25
2024,10,4,신항,외항,수출환적,12,신항6부두,컨테이너부두,아국선,적컨,0,1035,1074,0,2109,3183
2024,10,4,신항,외항,수입환적,12,신항6부두,컨테이너부두,아국선,적컨,0,528,567,0,1095,1662
2024,10,4,신항,외항,수출,12,신항6부두,컨테이너부두,아국선,적컨,0,1002,577,2,1581,2160.5
2024,10,4,신항,외항,수입,12,신항6부두,컨테이너부두,아국선,적컨,0,308,175,0,483,658
2024,02,1,신항,외항,수출환적,12,신항6부두,컨테이너부두,아국선,적컨,0,550,831,0,1381,2212
2024,02,1,신항,외항,수입환적,12,신항6부두,컨테이너부두,아국선,적컨,0,401,726,0,1127,1853
2024,02,1,신항,외항,수출,12,신항6부두,컨테이너부두,아국선,적컨,0,511,434,1,946,1381.25
2024,02,1,신항,외항,수입,12,신항6부두,컨테이너부두,아국선,적컨,0,392,585,2,979,1566.5
2024,06,2,신항,외항,수출환적,12,신항6부두,컨테이너부두,아국선,적컨,0,396,1342,0,1738,3080
2024,06,2,신항,외항,수입환적,12,신항6부두,컨테이너부두,아국선,적컨,0,204,548,0,752,1300
2024,06,2,신항,외항,수출,12,신항6부두,컨테이너부두,아국선,적컨,0,641,672,4,1317,1994
2024,06,2,신항,외항,수입,12,신항6부두,컨테이너부두,아국선,적컨,0,361,733,4,1098,1836
2024,07,3,신항,외항,수출환적,12,신항6부두,컨테이너부두,아국선,적컨,0,760,2403,17,3180,5604.25
2024,11,4,신항,외항,수출환적,12,신항6부두,컨테이너부두,아국선,적컨,0,400,1091,1,1492,2584.25
2024,11,4,신항,외항,수입환적,12,신항6부두,컨테이너부두,아국선,적컨,0,356,630,0,986,1616
2024,11,4,신항,외항,수출,12,신항6부두,컨테이너부두,아국선,적컨,0,766,1207,10,1983,3202.5
2024,11,4,신항,외항,수입,12,신항6부두,컨테이너부두,아국선,적컨,0,267,219,0,486,705
2024,07,3,신항,외항,수입환적,12,신항6부두,컨테이너부두,아국선,적컨,0,321,991,6,1318,2316.5
2024,07,3,신항,외항,수출,12,신항6부두,컨테이너부두,아국선,적컨,0,634,1048,4,1686,2739
2024,07,3,신항,외항,수입,12,신항6부두,컨테이너부두,아국선,적컨,0,105,103,0,208,311
2024,05,2,신항,외항,수출환적,12,신항6부두,컨테이너부두,아국선,적컨,0,572,1144,0,1716,2860
2024,05,2,신항,외항,수입환적,12,신항6부두,컨테이너부두,아국선,적컨,0,263,413,0,676,1089
2024,05,2,신항,외항,수출,12,신항6부두,컨테이너부두,아국선,적컨,0,721,488,1,1210,1699.25
2024,05,2,신항,외항,수입,12,신항6부두,컨테이너부두,아국선,적컨,0,263,275,0,538,813
2024,12,4,신항,외항,수출환적,12,신항6부두,컨테이너부두,아국선,적컨,0,466,895,5,1366,2267.25
2024,12,4,신항,외항,수입환적,12,신항6부두,컨테이너부두,아국선,적컨,0,408,855,1,1264,2120.25
2024,09,3,신항,외항,수출환적,12,신항6부두,컨테이너부두,아국선,적컨,0,712,1309,4,2025,3339
2024,09,3,신항,외항,수입환적,12,신항6부두,컨테이너부두,아국선,적컨,0,364,960,1,1325,2286.25
2024,09,3,신항,외항,수출,12,신항6부두,컨테이너부두,아국선,적컨,0,1118,1043,2,2163,3208.5
2024,09,3,신항,외항,수입,12,신항6부두,컨테이너부두,아국선,적컨,0,556,302,0,858,1160
2024,12,4,신항,외항,수출,12,신항6부두,컨테이너부두,아국선,적컨,0,548,1186,4,1738,2929
2024,12,4,신항,외항,수입,12,신항6부두,컨테이너부두,아국선,적컨,0,377,293,0,670,963
2024,01,1,신항,외항,수출환적,12,신항6부두,컨테이너부두,아국선,적컨,0,609,824,0,1433,2257
2024,01,1,신항,외항,수입환적,12,신항6부두,컨테이너부두,아국선,적컨,0,207,479,0,686,1165
2024,01,1,신항,외항,수출,12,신항6부두,컨테이너부두,아국선,적컨,0,484,437,9,930,1378.25
2024,01,1,신항,외항,수입,12,신항6부두,컨테이너부두,아국선,적컨,0,319,322,1,642,965.25
2024,03,1,신항,외항,수입환적,14,신항7부두,컨테이너부두,외국선,공컨,0,0,1,0,1,2
2024,03,1,신항,외항,수출,14,신항7부두,컨테이너부두,외국선,공컨,0,317,488,0,805,1293
2024,03,1,신항,외항,수입,14,신항7부두,컨테이너부두,외국선,공컨,0,387,1574,2,1963,3539.5
2024,04,2,신항,외항,수출환적,14,신항7부두,컨테이너부두,외국선,공컨,0,1,1,0,2,3
2024,04,2,신항,외항,수출,14,신항7부두,컨테이너부두,외국선,공컨,0,60,547,0,607,1154
2024,04,2,신항,외항,수입,14,신항7부두,컨테이너부두,외국선,공컨,0,445,264,7,716,988.75
2024,08,3,신항,외항,수출환적,14,신항7부두,컨테이너부두,외국선,공컨,0,430,354,24,808,1192
2024,08,3,신항,외항,수입환적,14,신항7부두,컨테이너부두,외국선,공컨,0,99,298,0,397,695
2024,08,3,신항,외항,수출,14,신항7부두,컨테이너부두,외국선,공컨,0,411,736,7,1154,1898.75
2024,08,3,신항,외항,수입,14,신항7부두,컨테이너부두,외국선,공컨,0,1665,4761,6,6432,11200.5
2024,10,4,신항,외항,수출환적,14,신항7부두,컨테이너부두,외국선,공컨,0,54,2,0,56,58
2024,10,4,신항,외항,수입환적,14,신항7부두,컨테이너부두,외국선,공컨,0,7,33,71,111,232.75
2024,10,4,신항,외항,수출,14,신항7부두,컨테이너부두,외국선,공컨,0,182,731,0,913,1644
2024,10,4,신항,외항,수입,14,신항7부두,컨테이너부두,외국선,공컨,0,2232,3562,4,5798,9365
2024,06,2,신항,외항,수출환적,14,신항7부두,컨테이너부두,외국선,공컨,0,181,1307,0,1488,2795
2024,06,2,신항,외항,수입환적,14,신항7부두,컨테이너부두,외국선,공컨,0,870,2428,191,3489,6155.75
2024,06,2,신항,외항,수입,1,신항1부두,컨테이너부두,외국선,적컨,0,2750,3766,0,6516,10282
2024,11,4,신항,외항,수출환적,1,신항1부두,컨테이너부두,외국선,적컨,0,13366,40983,31,54380,95401.75
2024,11,4,신항,외항,수입환적,1,신항1부두,컨테이너부두,외국선,적컨,0,13443,38861,26,52330,91223.5
2024,11,4,신항,외항,수출,1,신항1부두,컨테이너부두,외국선,적컨,0,5050,7372,0,12422,19794
2024,11,4,신항,외항,수입,1,신항1부두,컨테이너부두,외국선,적컨,0,1416,3325,0,4741,8066
2024,07,3,신항,외항,수입환적,1,신항1부두,컨테이너부두,외국선,적컨,0,13775,33248,55,47078,80394.75
2024,07,3,신항,외항,수출,1,신항1부두,컨테이너부두,외국선,적컨,0,5246,6625,0,11871,18496
2024,07,3,신항,외항,수입,1,신항1부두,컨테이너부두,외국선,적컨,0,1546,2114,0,3660,5774
2024,07,3,신항,외항,수출환적,1,신항1부두,컨테이너부두,외국선,적컨,0,19404,47820,67,67291,115194.75
2024,05,2,신항,외항,수출환적,1,신항1부두,컨테이너부두,외국선,적컨,0,15349,45354,70,60773,106214.5
2024,05,2,신항,외항,수입환적,1,신항1부두,컨테이너부두,외국선,적컨,0,11945,38011,73,50029,88131.25
2024,05,2,신항,외항,수출,1,신항1부두,컨테이너부두,외국선,적컨,0,4592,6998,0,11590,18588
2024,05,2,신항,외항,수입,1,신항1부두,컨테이너부두,외국선,적컨,0,1570,2570,0,4140,6710
2024,12,4,신항,외항,수출환적,1,신항1부두,컨테이너부두,외국선,적컨,0,14608,42674,31,57313,100025.75
2024,12,4,신항,외항,수입환적,1,신항1부두,컨테이너부두,외국선,적컨,0,14780,39973,47,54800,94831.75
2024,09,3,신항,외항,수출환적,1,신항1부두,컨테이너부두,외국선,적컨,0,13748,38507,52,52307,90879
2024,09,3,신항,외항,수입환적,1,신항1부두,컨테이너부두,외국선,적컨,0,11673,35262,101,47036,82424.25
2024,09,3,신항,외항,수출,1,신항1부두,컨테이너부두,외국선,적컨,0,4294,6342,0,10636,16978
2024,09,3,신항,외항,수입,1,신항1부두,컨테이너부두,외국선,적컨,0,1150,2154,1,3305,5460.25
2024,12,4,신항,외항,수출,1,신항1부두,컨테이너부두,외국선,적컨,0,4277,5800,0,10077,15877
2024,12,4,신항,외항,수입,1,신항1부두,컨테이너부두,외국선,적컨,0,1786,3133,0,4919,8052
2024,01,1,신항,외항,수출환적,1,신항1부두,컨테이너부두,외국선,적컨,0,18181,44354,77,62612,107062.25
2024,01,1,신항,외항,수입환적,1,신항1부두,컨테이너부두,외국선,적컨,0,15342,39237,308,54887,94509
2024,01,1,신항,외항,수출,1,신항1부두,컨테이너부두,외국선,적컨,0,4579,7613,3,12195,19811.75
2024,01,1,신항,외항,수입,1,신항1부두,컨테이너부두,외국선,적컨,0,3095,3505,0,6600,10105
2024,10,4,신항,외항,수입환적,1,신항1부두,컨테이너부두,아국선,공컨,0,0,19,0,19,38
2024,10,4,신항,외항,수출,1,신항1부두,컨테이너부두,아국선,공컨,0,0,50,0,50,100
2024,10,4,신항,외항,수입,1,신항1부두,컨테이너부두,아국선,공컨,0,26,0,0,26,26
2024,02,1,신항,외항,수입환적,1,신항1부두,컨테이너부두,아국선,공컨,0,0,1,0,1,2
2024,02,1,신항,외항,수입,1,신항1부두,컨테이너부두,아국선,공컨,0,1,9,0,10,19
2024,07,3,신항,외항,수입,1,신항1부두,컨테이너부두,아국선,공컨,0,0,101,0,101,202
2024,07,3,신항,외항,수출환적,1,신항1부두,컨테이너부두,아국선,공컨,0,0,109,0,109,218
2024,05,2,신항,외항,수입환적,1,신항1부두,컨테이너부두,아국선,공컨,0,13,34,0,47,81
2024,05,2,신항,외항,수출,1,신항1부두,컨테이너부두,아국선,공컨,0,0,30,0,30,60
2024,05,2,신항,외항,수입,1,신항1부두,컨테이너부두,아국선,공컨,0,6,33,0,39,72
2024,09,3,신항,외항,수출,1,신항1부두,컨테이너부두,아국선,공컨,0,3,3,0,6,9
2024,09,3,신항,외항,수입,1,신항1부두,컨테이너부두,아국선,공컨,0,17,31,0,48,79
2024,10,4,신항,외항,수출환적,1,신항1부두,컨테이너부두,아국선,적컨,0,434,1772,0,2206,3978
2024,10,4,신항,외항,수입환적,1,신항1부두,컨테이너부두,아국선,적컨,0,219,1039,0,1258,2297
2024,10,4,신항,외항,수출,1,신항1부두,컨테이너부두,아국선,적컨,0,92,431,0,523,954
2024,10,4,신항,외항,수입,1,신항1부두,컨테이너부두,아국선,적컨,0,151,258,0,409,667
2024,02,1,신항,외항,수출환적,1,신항1부두,컨테이너부두,아국선,적컨,0,239,669,0,908,1577
2024,02,1,신항,외항,수입환적,1,신항1부두,컨테이너부두,아국선,적컨,0,260,915,1,1176,2092.25
2024,02,1,신항,외항,수출,1,신항1부두,컨테이너부두,아국선,적컨,0,204,516,0,720,1236
2024,02,1,신항,외항,수입,1,신항1부두,컨테이너부두,아국선,적컨,0,13,148,0,161,309
2024,07,3,신항,외항,수입환적,1,신항1부두,컨테이너부두,아국선,적컨,0,182,692,3,877,1572.75
2024,07,3,신항,외항,수출,1,신항1부두,컨테이너부두,아국선,적컨,0,303,445,0,748,1193
2024,07,3,신항,외항,수입,1,신항1부두,컨테이너부두,아국선,적컨,0,8,165,0,173,338
2024,07,3,신항,외항,수출환적,1,신항1부두,컨테이너부두,아국선,적컨,0,376,995,0,1371,2366
2024,05,2,신항,외항,수출환적,1,신항1부두,컨테이너부두,아국선,적컨,0,291,1779,0,2070,3849
2024,05,2,신항,외항,수입환적,1,신항1부두,컨테이너부두,아국선,적컨,0,229,662,0,891,1553
2024,05,2,신항,외항,수출,1,신항1부두,컨테이너부두,아국선,적컨,0,191,446,0,637,1083
2024,05,2,신항,외항,수입,1,신항1부두,컨테이너부두,아국선,적컨,0,12,256,0,268,524
2024,09,3,신항,외항,수출환적,1,신항1부두,컨테이너부두,아국선,적컨,0,21,19,0,40,59
2024,09,3,신항,외항,수입환적,1,신항1부두,컨테이너부두,아국선,적컨,0,0,13,0,13,26
2024,09,3,신항,외항,수출,1,신항1부두,컨테이너부두,아국선,적컨,0,2,2,0,4,6
2024,03,1,신항,외항,수출환적,3,신항2부두,컨테이너부두,외국선,공컨,0,130,1290,105,1525,2946.25
2024,03,1,신항,외항,수입환적,3,신항2부두,컨테이너부두,외국선,공컨,4,394,3630,115,4143,7914.75
2024,03,1,신항,외항,수출,3,신항2부두,컨테이너부두,외국선,공컨,0,555,3707,6,4268,7982.5
2024,03,1,신항,외항,수입,3,신항2부두,컨테이너부두,외국선,공컨,0,17983,24160,20,42163,66348
2024,04,2,신항,외항,수출환적,3,신항2부두,컨테이너부두,외국선,공컨,4,178,4223,158,4563,8981.5
2024,04,2,신항,외항,수입환적,3,신항2부두,컨테이너부두,외국선,공컨,0,136,3200,181,3517,6943.25
2024,04,2,신항,외항,수출,3,신항2부두,컨테이너부두,외국선,공컨,0,731,6365,42,7138,13555.5
2024,04,2,신항,외항,수입,3,신항2부두,컨테이너부두,외국선,공컨,0,12223,12064,32,24319,36423
2024,08,3,신항,외항,수출환적,3,신항2부두,컨테이너부두,외국선,공컨,0,679,2420,49,3148,5629.25
2024,08,3,신항,외항,수입환적,3,신항2부두,컨테이너부두,외국선,공컨,0,550,2101,56,2707,4878
2024,08,3,신항,외항,수출,3,신항2부두,컨테이너부두,외국선,공컨,0,762,3610,57,4429,8110.25
2024,08,3,신항,외항,수입,3,신항2부두,컨테이너부두,외국선,공컨,0,5935,7176,0,13111,20287
2024,10,4,신항,외항,수출환적,3,신항2부두,컨테이너부두,외국선,공컨,0,592,2092,96,2780,4992
2024,10,4,신항,외항,수입환적,3,신항2부두,컨테이너부두,외국선,공컨,0,870,3585,71,4526,8199.75
2024,10,4,신항,외항,수출,3,신항2부두,컨테이너부두,외국선,공컨,0,935,3440,4,4379,7824
2024,10,4,신항,외항,수입,3,신항2부두,컨테이너부두,외국선,공컨,0,8643,8310,10,16963,25285.5
2024,02,1,신항,외항,수출환적,3,신항2부두,컨테이너부두,외국선,공컨,0,211,2453,0,2664,5117
2024,02,1,신항,외항,수입환적,3,신항2부두,컨테이너부두,외국선,공컨,0,169,3310,83,3562,6975.75
2024,02,1,신항,외항,수출,3,신항2부두,컨테이너부두,외국선,공컨,0,732,2638,0,3370,6008
2024,06,2,신항,외항,수출,14,신항7부두,컨테이너부두,외국선,공컨,0,249,829,0,1078,1907
2024,06,2,신항,외항,수입,14,신항7부두,컨테이너부두,외국선,공컨,0,1981,4847,18,6846,11715.5
2024,07,3,신항,외항,수출환적,14,신항7부두,컨테이너부두,외국선,공컨,0,10,34,0,44,78
2024,11,4,신항,외항,수출환적,14,신항7부두,컨테이너부두,외국선,공컨,0,17,75,0,92,167
2024,11,4,신항,외항,수입환적,14,신항7부두,컨테이너부두,외국선,공컨,0,9,4,6,19,30.5
2024,11,4,신항,외항,수출,14,신항7부두,컨테이너부두,외국선,공컨,0,276,333,0,609,942
2024,11,4,신항,외항,수입,14,신항7부두,컨테이너부두,외국선,공컨,0,1464,2070,2,3536,5608.5
2024,07,3,신항,외항,수입환적,14,신항7부두,컨테이너부두,외국선,공컨,0,0,102,0,102,204
2024,07,3,신항,외항,수출,14,신항7부두,컨테이너부두,외국선,공컨,0,162,700,0,862,1562
2024,07,3,신항,외항,수입,14,신항7부두,컨테이너부두,외국선,공컨,0,551,2233,0,2784,5017
2024,05,2,신항,외항,수출환적,14,신항7부두,컨테이너부두,외국선,공컨,0,80,302,0,382,684
2024,05,2,신항,외항,수입환적,14,신항7부두,컨테이너부두,외국선,공컨,0,79,304,0,383,687
2024,05,2,신항,외항,수출,14,신항7부두,컨테이너부두,외국선,공컨,0,59,361,0,420,781
2024,05,2,신항,외항,수입,14,신항7부두,컨테이너부두,외국선,공컨,0,1052,2339,101,3492,5957.25
2024,12,4,신항,외항,수출환적,14,신항7부두,컨테이너부두,외국선,공컨,0,14,0,0,14,14
2024,12,4,신항,외항,수입환적,14,신항7부두,컨테이너부두,외국선,공컨,0,166,252,0,418,670
2024,12,4,신항,외항,수출,14,신항7부두,컨테이너부두,외국선,공컨,0,377,523,0,900,1423
2024,09,3,신항,외항,수출환적,14,신항7부두,컨테이너부두,외국선,공컨,0,25,0,0,25,25
2024,09,3,신항,외항,수입환적,14,신항7부두,컨테이너부두,외국선,공컨,0,45,109,0,154,263
2024,09,3,신항,외항,수출,14,신항7부두,컨테이너부두,외국선,공컨,0,310,639,0,949,1588
2024,09,3,신항,외항,수입,14,신항7부두,컨테이너부두,외국선,공컨,0,921,3075,11,4007,7095.75
2024,12,4,신항,외항,수입,14,신항7부두,컨테이너부두,외국선,공컨,0,1785,5178,6,6969,12154.5
2024,03,1,신항,외항,수출환적,14,신항7부두,컨테이너부두,외국선,적컨,0,445,495,0,940,1435
2024,03,1,신항,외항,수입환적,14,신항7부두,컨테이너부두,외국선,적컨,0,588,1063,10,1661,2736.5
2024,03,1,신항,외항,수출,14,신항7부두,컨테이너부두,외국선,적컨,0,1685,1976,4,3665,5646
2024,03,1,신항,외항,수입,14,신항7부두,컨테이너부두,외국선,적컨,0,1221,1503,0,2724,4227
2024,04,2,신항,외항,수출환적,14,신항7부두,컨테이너부두,외국선,적컨,0,484,1004,1,1489,2494.25
2024,04,2,신항,외항,수입환적,14,신항7부두,컨테이너부두,외국선,적컨,0,516,1117,5,1638,2761.25
2024,04,2,신항,외항,수출,14,신항7부두,컨테이너부두,외국선,적컨,0,1605,2120,5,3730,5856.25
2024,04,2,신항,외항,수입,14,신항7부두,컨테이너부두,외국선,적컨,0,1162,1424,0,2586,4010
2024,08,3,신항,외항,수출환적,14,신항7부두,컨테이너부두,외국선,적컨,0,2351,4919,14,7284,12220.5
2024,08,3,신항,외항,수입환적,14,신항7부두,컨테이너부두,외국선,적컨,0,2335,7138,11,9484,16635.75
2024,08,3,신항,외항,수출,14,신항7부두,컨테이너부두,외국선,적컨,0,3809,4256,15,8080,12354.75
2024,08,3,신항,외항,수입,14,신항7부두,컨테이너부두,외국선,적컨,0,2714,4036,4,6754,10795
2024,10,4,신항,외항,수출환적,14,신항7부두,컨테이너부두,외국선,적컨,0,2330,3775,57,6162,10008.25
2024,10,4,신항,외항,수입환적,14,신항7부두,컨테이너부두,외국선,적컨,0,1577,5011,45,6633,11700.25
2024,10,4,신항,외항,수출,14,신항7부두,컨테이너부두,외국선,적컨,0,3296,5865,12,9173,15053
2024,10,4,신항,외항,수입,14,신항7부두,컨테이너부두,외국선,적컨,0,2007,2930,33,4970,7941.25
2024,06,2,신항,외항,수출환적,14,신항7부두,컨테이너부두,외국선,적컨,0,2389,2287,0,4676,6963
2024,06,2,신항,외항,수입환적,14,신항7부두,컨테이너부두,외국선,적컨,0,2981,5271,8,8260,13541
2024,06,2,신항,외항,수출,14,신항7부두,컨테이너부두,외국선,적컨,0,3216,2651,2,5869,8522.5
2024,06,2,신항,외항,수입,14,신항7부두,컨테이너부두,외국선,적컨,0,2604,5273,10,7887,13172.5
2024,07,3,신항,외항,수출환적,14,신항7부두,컨테이너부두,외국선,적컨,0,3108,5352,2,8462,13816.5
2024,11,4,신항,외항,수출환적,14,신항7부두,컨테이너부두,외국선,적컨,0,2313,4165,56,6534,10769
2024,11,4,신항,외항,수입환적,14,신항7부두,컨테이너부두,외국선,적컨,0,1201,3897,24,5122,9049
2024,11,4,신항,외항,수출,14,신항7부두,컨테이너부두,외국선,적컨,0,3018,6720,14,9752,16489.5
2024,11,4,신항,외항,수입,14,신항7부두,컨테이너부두,외국선,적컨,0,1736,3077,6,4819,7903.5
2024,07,3,신항,외항,수입환적,14,신항7부두,컨테이너부두,외국선,적컨,0,1563,4249,22,5834,10110.5
2024,07,3,신항,외항,수출,14,신항7부두,컨테이너부두,외국선,적컨,0,2729,4024,7,6760,10792.75
2024,07,3,신항,외항,수입,14,신항7부두,컨테이너부두,외국선,적컨,0,1345,1902,1,3248,5151.25
2024,05,2,신항,외항,수출환적,14,신항7부두,컨테이너부두,외국선,적컨,0,1978,3280,11,5269,8562.75
2024,05,2,신항,외항,수입환적,14,신항7부두,컨테이너부두,외국선,적컨,0,2053,3441,30,5524,9002.5
2024,05,2,신항,외항,수출,14,신항7부두,컨테이너부두,외국선,적컨,0,1784,3382,6,5172,8561.5
2024,05,2,신항,외항,수입,14,신항7부두,컨테이너부두,외국선,적컨,0,1750,2708,4,4462,7175
2024,12,4,신항,외항,수출환적,14,신항7부두,컨테이너부두,외국선,적컨,0,1842,2293,0,4135,6428
2024,12,4,신항,외항,수입환적,14,신항7부두,컨테이너부두,외국선,적컨,0,1845,4888,12,6745,11648
2024,12,4,신항,외항,수출,14,신항7부두,컨테이너부두,외국선,적컨,0,3314,4325,11,7650,11988.75
2024,09,3,신항,외항,수출환적,14,신항7부두,컨테이너부두,외국선,적컨,0,1493,2418,4,3915,6338
2024,09,3,신항,외항,수입환적,14,신항7부두,컨테이너부두,외국선,적컨,0,1835,4789,48,6672,11521
2024,09,3,신항,외항,수출,14,신항7부두,컨테이너부두,외국선,적컨,0,2332,3281,7,5620,8909.75
2024,09,3,신항,외항,수입,14,신항7부두,컨테이너부두,외국선,적컨,0,2439,3395,6,5840,9242.5
2024,12,4,신항,외항,수입,14,신항7부두,컨테이너부두,외국선,적컨,0,2893,4041,2,6936,10979.5
2024,08,3,신항,외항,수입환적,14,신항7부두,컨테이너부두,아국선,공컨,0,0,0,44,44,99
2024,08,3,신항,외항,수출,14,신항7부두,컨테이너부두,아국선,공컨,0,0,2,0,2,4
2024,08,3,신항,외항,수입,14,신항7부두,컨테이너부두,아국선,공컨,0,1288,6098,22,7408,13533.5
2024,10,4,신항,외항,수출,14,신항7부두,컨테이너부두,아국선,공컨,0,0,2,0,2,4
2024,06,2,신항,외항,수출환적,14,신항7부두,컨테이너부두,아국선,공컨,0,1,0,0,1,1
2024,06,2,신항,외항,수출,14,신항7부두,컨테이너부두,아국선,공컨,0,1,7,0,8,15
2024,06,2,신항,외항,수입,14,신항7부두,컨테이너부두,아국선,공컨,0,36,384,0,420,804
2024,11,4,신항,외항,수출환적,14,신항7부두,컨테이너부두,아국선,공컨,0,2,0,0,2,2
2024,11,4,신항,외항,수출,14,신항7부두,컨테이너부두,아국선,공컨,0,6,117,0,123,240
2024,11,4,신항,외항,수입,14,신항7부두,컨테이너부두,아국선,공컨,0,453,203,0,656,859
2024,07,3,신항,외항,수입환적,14,신항7부두,컨테이너부두,아국선,공컨,0,0,2,79,81,181.75
2024,07,3,신항,외항,수출,14,신항7부두,컨테이너부두,아국선,공컨,0,2,53,4,59,117
2024,07,3,신항,외항,수입,14,신항7부두,컨테이너부두,아국선,공컨,0,964,2563,0,3527,6090
2024,02,1,신항,외항,수입,3,신항2부두,컨테이너부두,외국선,공컨,0,11003,15155,9,26167,41333.25
2024,06,2,신항,외항,수출환적,3,신항2부두,컨테이너부두,외국선,공컨,0,1841,4634,81,6556,11291.25
2024,06,2,신항,외항,수입환적,3,신항2부두,컨테이너부두,외국선,공컨,0,613,3949,25,4587,8567.25
2024,06,2,신항,외항,수출,3,신항2부두,컨테이너부두,외국선,공컨,0,1630,3505,92,5227,8847
2024,06,2,신항,외항,수입,3,신항2부두,컨테이너부두,외국선,공컨,0,8683,7267,0,15950,23217
2024,11,4,신항,외항,수출환적,3,신항2부두,컨테이너부두,외국선,공컨,0,153,3072,26,3251,6355.5
2024,11,4,신항,외항,수입환적,3,신항2부두,컨테이너부두,외국선,공컨,0,91,5446,264,5801,11577
2024,11,4,신항,외항,수출,3,신항2부두,컨테이너부두,외국선,공컨,0,778,2317,9,3104,5432.25
2024,11,4,신항,외항,수입,3,신항2부두,컨테이너부두,외국선,공컨,0,6318,12772,0,19090,31862
2024,07,3,신항,외항,수입환적,3,신항2부두,컨테이너부두,외국선,공컨,0,867,2754,56,3677,6501
2024,07,3,신항,외항,수출,3,신항2부두,컨테이너부두,외국선,공컨,0,602,3205,0,3807,7012
2024,07,3,신항,외항,수입,3,신항2부두,컨테이너부두,외국선,공컨,0,7592,14494,34,22120,36656.5
2024,07,3,신항,외항,수출환적,3,신항2부두,컨테이너부두,외국선,공컨,0,570,1124,0,1694,2818
2024,05,2,신항,외항,수출환적,3,신항2부두,컨테이너부두,외국선,공컨,0,325,4692,32,5049,9781
2024,05,2,신항,외항,수입환적,3,신항2부두,컨테이너부두,외국선,공컨,0,1022,6298,45,7365,13719.25
2024,05,2,신항,외항,수출,3,신항2부두,컨테이너부두,외국선,공컨,0,1283,3945,2,5230,9177.5
2024,05,2,신항,외항,수입,3,신항2부두,컨테이너부두,외국선,공컨,0,12756,13749,13,26518,40283.25
2024,12,4,신항,외항,수출환적,3,신항2부두,컨테이너부두,외국선,공컨,0,1520,2453,162,4135,6790.5
2024,12,4,신항,외항,수입환적,3,신항2부두,컨테이너부두,외국선,공컨,0,1331,3150,55,4536,7754.75
2024,09,3,신항,외항,수출환적,3,신항2부두,컨테이너부두,외국선,공컨,0,190,1455,0,1645,3100
2024,09,3,신항,외항,수입환적,3,신항2부두,컨테이너부두,외국선,공컨,0,475,2537,51,3063,5663.75
2024,09,3,신항,외항,수출,3,신항2부두,컨테이너부두,외국선,공컨,0,1471,3406,32,4909,8355
2024,09,3,신항,외항,수입,3,신항2부두,컨테이너부두,외국선,공컨,0,8505,9562,1,18068,27631.25
2024,12,4,신항,외항,수출,3,신항2부두,컨테이너부두,외국선,공컨,0,602,3539,36,4177,7761
2024,12,4,신항,외항,수입,3,신항2부두,컨테이너부두,외국선,공컨,0,9071,12736,34,21841,34619.5
2024,01,1,신항,외항,수출환적,3,신항2부두,컨테이너부두,외국선,공컨,0,274,3441,122,3837,7430.5
2024,01,1,신항,외항,수입환적,3,신항2부두,컨테이너부두,외국선,공컨,0,286,3294,162,3742,7238.5
2024,01,1,신항,외항,수출,3,신항2부두,컨테이너부두,외국선,공컨,0,1082,3859,26,4967,8858.5
2024,01,1,신항,외항,수입,3,신항2부두,컨테이너부두,외국선,공컨,0,11796,13701,9,25506,39218.25
2024,03,1,신항,외항,수출환적,3,신항2부두,컨테이너부두,외국선,적컨,0,18711,42494,271,61476,104308.75
2024,03,1,신항,외항,수입환적,3,신항2부두,컨테이너부두,외국선,적컨,0,19729,48053,250,68032,116397.5
2024,03,1,신항,외항,수출,3,신항2부두,컨테이너부두,외국선,적컨,0,25319,32916,26,58261,91209.5
2024,03,1,신항,외항,수입,3,신항2부두,컨테이너부두,외국선,적컨,0,7629,12828,6,20463,33298.5
2024,04,2,신항,외항,수출환적,3,신항2부두,컨테이너부두,외국선,적컨,0,19767,48295,309,68371,117052.25
2024,04,2,신항,외항,수입환적,3,신항2부두,컨테이너부두,외국선,적컨,0,22936,51750,324,75010,127165
2024,04,2,신항,외항,수출,3,신항2부두,컨테이너부두,외국선,적컨,0,18640,26380,36,45056,71481
2024,04,2,신항,외항,수입,3,신항2부두,컨테이너부두,외국선,적컨,0,7944,12613,7,20564,33185.75
2024,08,3,신항,외항,수출환적,3,신항2부두,컨테이너부두,외국선,적컨,0,20203,53340,390,73933,127760.5
2024,08,3,신항,외항,수입환적,3,신항2부두,컨테이너부두,외국선,적컨,0,19443,46093,337,65873,112387.25
2024,08,3,신항,외항,수출,3,신항2부두,컨테이너부두,외국선,적컨,0,15998,21853,10,37861,59726.5
2024,08,3,신항,외항,수입,3,신항2부두,컨테이너부두,외국선,적컨,0,9361,13585,14,22960,36562.5
2024,10,4,신항,외항,수출환적,3,신항2부두,컨테이너부두,외국선,적컨,0,20855,49288,297,70440,120099.25
2024,10,4,신항,외항,수입환적,3,신항2부두,컨테이너부두,외국선,적컨,0,20593,50770,376,71739,122979
2024,10,4,신항,외항,수출,3,신항2부두,컨테이너부두,외국선,적컨,0,17220,21768,5,38993,60767.25
2024,10,4,신항,외항,수입,3,신항2부두,컨테이너부두,외국선,적컨,0,7412,10693,10,18115,28820.5
2024,02,1,신항,외항,수출환적,3,신항2부두,컨테이너부두,외국선,적컨,0,18775,48690,415,67880,117088.75
2024,02,1,신항,외항,수입환적,3,신항2부두,컨테이너부두,외국선,적컨,0,17456,43530,376,61362,105362
2024,02,1,신항,외항,수출,3,신항2부두,컨테이너부두,외국선,적컨,0,17570,26470,10,44050,70532.5
2024,02,1,신항,외항,수입,3,신항2부두,컨테이너부두,외국선,적컨,0,6003,9668,4,15675,25348
2024,06,2,신항,외항,수출환적,3,신항2부두,컨테이너부두,외국선,적컨,0,20729,46927,384,68040,115447
2024,06,2,신항,외항,수입환적,3,신항2부두,컨테이너부두,외국선,적컨,0,26277,52091,457,78825,131487.25
2024,06,2,신항,외항,수출,3,신항2부두,컨테이너부두,외국선,적컨,0,16787,24189,2,40978,65169.5
2024,06,2,신항,외항,수입,3,신항2부두,컨테이너부두,외국선,적컨,0,8260,11654,11,19925,31592.75
2024,11,4,신항,외항,수출환적,3,신항2부두,컨테이너부두,외국선,적컨,0,21634,50114,354,72102,122658.5
2024,11,4,신항,외항,수입환적,3,신항2부두,컨테이너부두,외국선,적컨,0,21649,51573,293,73515,125454.25
2024,11,4,신항,외항,수출,3,신항2부두,컨테이너부두,외국선,적컨,0,15450,22209,7,37666,59883.75
2024,11,4,신항,외항,수입,3,신항2부두,컨테이너부두,외국선,적컨,0,8224,10847,21,19092,29965.25
2024,07,3,신항,외항,수입환적,3,신항2부두,컨테이너부두,외국선,적컨,0,21768,60733,396,82897,144125
2024,07,3,신항,외항,수출,3,신항2부두,컨테이너부두,외국선,적컨,0,17588,23382,12,40982,64379
2024,07,3,신항,외항,수입,3,신항2부두,컨테이너부두,외국선,적컨,0,10120,15041,16,25177,40238
2024,07,3,신항,외항,수출환적,3,신항2부두,컨테이너부두,외국선,적컨,0,21782,55198,392,77372,133060
2024,05,2,신항,외항,수출환적,3,신항2부두,컨테이너부두,외국선,적컨,0,22186,52837,288,75311,128508
2024,05,2,신항,외항,수입환적,3,신항2부두,컨테이너부두,외국선,적컨,0,22774,53861,302,76937,131175.5
2024,05,2,신항,외항,수출,3,신항2부두,컨테이너부두,외국선,적컨,0,19397,28096,39,47532,75676.75
2024,05,2,신항,외항,수입,3,신항2부두,컨테이너부두,외국선,적컨,0,8907,13516,6,22429,35952.5
2024,12,4,신항,외항,수출환적,3,신항2부두,컨테이너부두,외국선,적컨,0,24499,55336,458,80293,136201.5
2024,12,4,신항,외항,수입환적,3,신항2부두,컨테이너부두,외국선,적컨,0,23569,55759,442,79770,136081.5
2024,09,3,신항,외항,수출환적,3,신항2부두,컨테이너부두,외국선,적컨,0,19623,47255,348,67226,114916
2024,09,3,신항,외항,수입환적,3,신항2부두,컨테이너부두,외국선,적컨,0,16936,45192,304,62432,108004
2024,09,3,신항,외항,수출,3,신항2부두,컨테이너부두,외국선,적컨,0,15401,19003,15,34419,53440.75
2024,09,3,신항,외항,수입,3,신항2부두,컨테이너부두,외국선,적컨,0,8044,11216,16,19276,30512
2024,12,4,신항,외항,수출,3,신항2부두,컨테이너부두,외국선,적컨,0,18409,24415,20,42844,67284
2024,12,4,신항,외항,수입,3,신항2부두,컨테이너부두,외국선,적컨,0,8061,12147,20,20228,32400
2024,05,2,신항,외항,수입환적,14,신항7부두,컨테이너부두,아국선,공컨,0,0,3,0,3,6
2024,05,2,신항,외항,수출,14,신항7부두,컨테이너부두,아국선,공컨,0,0,0,80,80,180
2024,05,2,신항,외항,수입,14,신항7부두,컨테이너부두,아국선,공컨,0,437,854,15,1306,2178.75
2024,12,4,신항,외항,수출,14,신항7부두,컨테이너부두,아국선,공컨,0,0,1,5,6,13.25
2024,09,3,신항,외항,수출환적,14,신항7부두,컨테이너부두,아국선,공컨,0,1,0,0,1,1
2024,09,3,신항,외항,수출,14,신항7부두,컨테이너부두,아국선,공컨,0,20,4,8,32,46
2024,09,3,신항,외항,수입,14,신항7부두,컨테이너부두,아국선,공컨,0,178,806,0,984,1790
2024,12,4,신항,외항,수입,14,신항7부두,컨테이너부두,아국선,공컨,0,168,510,0,678,1188
2024,08,3,신항,외항,수출환적,14,신항7부두,컨테이너부두,아국선,적컨,0,43,1318,3,1364,2685.75
2024,08,3,신항,외항,수입환적,14,신항7부두,컨테이너부두,아국선,적컨,0,262,1797,15,2074,3889.75
2024,08,3,신항,외항,수출,14,신항7부두,컨테이너부두,아국선,적컨,0,122,686,1,809,1496.25
2024,08,3,신항,외항,수입,14,신항7부두,컨테이너부두,아국선,적컨,0,195,1463,18,1676,3161.5
2024,10,4,신항,외항,수출환적,14,신항7부두,컨테이너부두,아국선,적컨,0,88,1095,10,1193,2300.5
2024,10,4,신항,외항,수입환적,14,신항7부두,컨테이너부두,아국선,적컨,0,63,979,14,1056,2052.5
2024,10,4,신항,외항,수출,14,신항7부두,컨테이너부두,아국선,적컨,0,344,1974,1,2319,4294.25
2024,10,4,신항,외항,수입,14,신항7부두,컨테이너부두,아국선,적컨,0,142,127,0,269,396
2024,06,2,신항,외항,수출환적,14,신항7부두,컨테이너부두,아국선,적컨,0,231,476,2,709,1187.5
2024,06,2,신항,외항,수입환적,14,신항7부두,컨테이너부두,아국선,적컨,0,248,469,4,721,1195
2024,06,2,신항,외항,수출,14,신항7부두,컨테이너부두,아국선,적컨,0,839,1137,0,1976,3113
2024,06,2,신항,외항,수입,14,신항7부두,컨테이너부두,아국선,적컨,0,735,644,1,1380,2025.25
2024,07,3,신항,외항,수출환적,14,신항7부두,컨테이너부두,아국선,적컨,0,46,1231,1,1278,2510.25
2024,11,4,신항,외항,수출환적,14,신항7부두,컨테이너부두,아국선,적컨,0,609,688,5,1302,1996.25
2024,11,4,신항,외항,수입환적,14,신항7부두,컨테이너부두,아국선,적컨,0,337,704,9,1050,1765.25
2024,11,4,신항,외항,수출,14,신항7부두,컨테이너부두,아국선,적컨,0,1411,962,4,2377,3344
2024,11,4,신항,외항,수입,14,신항7부두,컨테이너부두,아국선,적컨,0,551,749,2,1302,2053.5
2024,07,3,신항,외항,수입환적,14,신항7부두,컨테이너부두,아국선,적컨,0,227,1570,2,1799,3371.5
2024,07,3,신항,외항,수출,14,신항7부두,컨테이너부두,아국선,적컨,0,251,1012,5,1268,2286.25
2024,07,3,신항,외항,수입,14,신항7부두,컨테이너부두,아국선,적컨,0,272,1184,8,1464,2658
2024,05,2,신항,외항,수출환적,14,신항7부두,컨테이너부두,아국선,적컨,0,36,312,0,348,660
2024,05,2,신항,외항,수입환적,14,신항7부두,컨테이너부두,아국선,적컨,0,118,612,0,730,1342
2024,05,2,신항,외항,수출,14,신항7부두,컨테이너부두,아국선,적컨,0,0,2,0,2,4
2024,05,2,신항,외항,수입,14,신항7부두,컨테이너부두,아국선,적컨,0,72,626,4,702,1333
2024,12,4,신항,외항,수출환적,14,신항7부두,컨테이너부두,아국선,적컨,0,222,935,4,1161,2101
2024,12,4,신항,외항,수입환적,14,신항7부두,컨테이너부두,아국선,적컨,0,199,1043,4,1246,2294
2024,12,4,신항,외항,수출,14,신항7부두,컨테이너부두,아국선,적컨,0,675,1340,2,2017,3359.5
2024,09,3,신항,외항,수출환적,14,신항7부두,컨테이너부두,아국선,적컨,0,117,1107,2,1226,2335.5
2024,09,3,신항,외항,수입환적,14,신항7부두,컨테이너부두,아국선,적컨,0,286,1233,6,1525,2765.5
2024,09,3,신항,외항,수출,14,신항7부두,컨테이너부두,아국선,적컨,0,806,2161,2,2969,5132.5
2024,09,3,신항,외항,수입,14,신항7부두,컨테이너부두,아국선,적컨,0,401,852,8,1261,2123
2024,12,4,신항,외항,수입,14,신항7부두,컨테이너부두,아국선,적컨,0,520,652,5,1177,1835.25
2024,06,2,감천,외항,수입,3,감천중앙부두,일반부두,외국선,공컨,0,0,6,0,6,12
2024,05,2,감천,외항,수입,3,감천중앙부두,일반부두,외국선,공컨,0,0,18,0,18,36
2024,12,4,감천,외항,수입,3,감천중앙부두,일반부두,외국선,공컨,0,10,19,0,29,48
2024,11,4,감천,외항,수출,3,감천중앙부두,일반부두,외국선,적컨,0,0,4,0,4,8
2024,03,1,감천,외항,수입환적,4,감천동원부두,일반부두,외국선,적컨,0,2,48,0,50,98
2024,04,2,감천,외항,수입환적,4,감천동원부두,일반부두,외국선,적컨,0,4,34,0,38,72
2024,02,1,감천,외항,수입환적,4,감천동원부두,일반부두,외국선,적컨,0,5,24,0,29,53
2024,11,4,감천,외항,수입환적,4,감천동원부두,일반부두,외국선,적컨,0,1,69,0,70,139
2024,07,3,감천,외항,수입환적,4,감천동원부두,일반부두,외국선,적컨,0,1,39,0,40,79
2024,05,2,감천,외항,수입환적,4,감천동원부두,일반부두,외국선,적컨,0,0,10,0,10,20
2024,12,4,감천,외항,수입환적,4,감천동원부두,일반부두,외국선,적컨,0,1,9,0,10,19
2024,12,4,감천,외항,수입,4,감천동원부두,일반부두,외국선,적컨,0,0,45,0,45,90
2024,01,1,감천,외항,수입환적,4,감천동원부두,일반부두,외국선,적컨,0,3,18,0,21,39
2024,03,1,감천,외항,수입환적,5,도양물류부두,일반부두,외국선,적컨,0,3,33,0,36,69
2024,04,2,감천,외항,수입환적,5,도양물류부두,일반부두,외국선,적컨,0,1,1,0,2,3
2024,08,3,감천,외항,수입환적,5,도양물류부두,일반부두,외국선,적컨,0,1,21,0,22,43
2024,10,4,감천,외항,수입환적,5,도양물류부두,일반부두,외국선,적컨,0,0,97,0,97,194
2024,02,1,감천,외항,수입환적,5,도양물류부두,일반부두,외국선,적컨,0,1,12,0,13,25
2024,06,2,감천,외항,수입환적,5,도양물류부두,일반부두,외국선,적컨,0,4,15,0,19,34
2024,11,4,감천,외항,수입환적,5,도양물류부두,일반부두,외국선,적컨,0,3,49,0,52,101
2024,07,3,감천,외항,수입환적,5,도양물류부두,일반부두,외국선,적컨,0,5,121,0,126,247
2024,05,2,감천,외항,수출환적,5,도양물류부두,일반부두,외국선,적컨,0,1,0,0,1,1
2024,05,2,감천,외항,수입환적,5,도양물류부두,일반부두,외국선,적컨,0,0,43,0,43,86
2024,09,3,감천,외항,수입환적,5,도양물류부두,일반부두,외국선,적컨,0,0,16,0,16,32
2024,12,4,감천,외항,수입환적,5,도양물류부두,일반부두,외국선,적컨,0,0,63,0,63,126
2024,01,1,감천,외항,수입환적,5,도양물류부두,일반부두,외국선,적컨,0,0,21,0,21,42
2024,09,3,감천,외항,수입환적,7,동부고속부두,일반부두,아국선,적컨,0,0,21,0,21,42
2024,02,1,감천,외항,수입,8,동양해운부두,일반부두,외국선,공컨,0,0,2,0,2,4
2024,03,1,감천,외항,수입환적,8,동양해운부두,일반부두,외국선,적컨,0,9,103,0,112,215
2024,04,2,감천,외항,수입환적,8,동양해운부두,일반부두,외국선,적컨,0,7,112,0,119,231
2024,08,3,감천,외항,수입환적,8,동양해운부두,일반부두,외국선,적컨,0,4,59,0,63,122
2024,10,4,감천,외항,수입환적,8,동양해운부두,일반부두,외국선,적컨,0,2,294,0,296,590
2024,02,1,감천,외항,수입환적,8,동양해운부두,일반부두,외국선,적컨,0,5,107,0,112,219
2024,02,1,감천,외항,수입,8,동양해운부두,일반부두,외국선,적컨,0,5,0,0,5,5
2024,06,2,감천,외항,수입환적,8,동양해운부두,일반부두,외국선,적컨,0,23,19,0,42,61
2024,11,4,감천,외항,수입환적,8,동양해운부두,일반부두,외국선,적컨,0,0,13,0,13,26
2024,07,3,감천,외항,수입환적,8,동양해운부두,일반부두,외국선,적컨,0,18,10,0,28,38
2024,01,1,신항,외항,수출환적,3,신항2부두,컨테이너부두,외국선,적컨,0,20079,52961,288,73328,126649
2024,01,1,신항,외항,수입환적,3,신항2부두,컨테이너부두,외국선,적컨,0,21749,56149,363,78261,134863.75
2024,01,1,신항,외항,수출,3,신항2부두,컨테이너부두,외국선,적컨,0,19239,25687,18,44944,70653.5
2024,01,1,신항,외항,수입,3,신항2부두,컨테이너부두,외국선,적컨,0,6971,9855,4,16830,26690
2024,03,1,신항,외항,수출,3,신항2부두,컨테이너부두,아국선,공컨,0,0,146,0,146,292
2024,03,1,신항,외항,수입,3,신항2부두,컨테이너부두,아국선,공컨,0,1005,1525,0,2530,4055
2024,04,2,신항,외항,수출,3,신항2부두,컨테이너부두,아국선,공컨,0,0,172,0,172,344
2024,04,2,신항,외항,수입,3,신항2부두,컨테이너부두,아국선,공컨,0,266,1294,0,1560,2854
2024,08,3,신항,외항,수출환적,3,신항2부두,컨테이너부두,아국선,공컨,0,0,5,0,5,10
2024,08,3,신항,외항,수출,3,신항2부두,컨테이너부두,아국선,공컨,0,61,115,0,176,291
2024,08,3,신항,외항,수입,3,신항2부두,컨테이너부두,아국선,공컨,0,1,0,0,1,1
2024,10,4,신항,외항,수출환적,3,신항2부두,컨테이너부두,아국선,공컨,0,0,20,0,20,40
2024,10,4,신항,외항,수출,3,신항2부두,컨테이너부두,아국선,공컨,0,0,80,0,80,160
2024,10,4,신항,외항,수입,3,신항2부두,컨테이너부두,아국선,공컨,0,1,0,0,1,1
2024,02,1,신항,외항,수출,3,신항2부두,컨테이너부두,아국선,공컨,0,0,11,8,19,40
2024,02,1,신항,외항,수입,3,신항2부두,컨테이너부두,아국선,공컨,0,670,3320,0,3990,7310
2024,06,2,신항,외항,수입,3,신항2부두,컨테이너부두,아국선,공컨,0,131,546,0,677,1223
2024,11,4,신항,외항,수출환적,3,신항2부두,컨테이너부두,아국선,공컨,0,7,67,0,74,141
2024,11,4,신항,외항,수입환적,3,신항2부두,컨테이너부두,아국선,공컨,0,0,25,0,25,50
2024,11,4,신항,외항,수출,3,신항2부두,컨테이너부두,아국선,공컨,0,6,189,0,195,384
2024,11,4,신항,외항,수입,3,신항2부두,컨테이너부두,아국선,공컨,0,152,215,0,367,582
2024,12,4,신항,외항,수입환적,3,신항2부두,컨테이너부두,아국선,공컨,0,0,25,0,25,50
2024,12,4,신항,외항,수출,3,신항2부두,컨테이너부두,아국선,공컨,0,0,3,0,3,6
2024,01,1,신항,외항,수출,3,신항2부두,컨테이너부두,아국선,공컨,0,0,50,0,50,100
2024,01,1,신항,외항,수입,3,신항2부두,컨테이너부두,아국선,공컨,0,495,1634,0,2129,3763
2024,03,1,신항,외항,수출환적,3,신항2부두,컨테이너부두,아국선,적컨,0,135,980,5,1120,2106.25
2024,03,1,신항,외항,수입환적,3,신항2부두,컨테이너부두,아국선,적컨,0,458,1418,16,1892,3330
2024,03,1,신항,외항,수출,3,신항2부두,컨테이너부두,아국선,적컨,0,871,3256,6,4133,7396.5
2024,03,1,신항,외항,수입,3,신항2부두,컨테이너부두,아국선,적컨,0,299,1608,13,1920,3544.25
2024,04,2,신항,외항,수출환적,3,신항2부두,컨테이너부두,아국선,적컨,0,179,1832,25,2036,3899.25
2024,04,2,신항,외항,수입환적,3,신항2부두,컨테이너부두,아국선,적컨,0,238,1027,6,1271,2305.5
2024,04,2,신항,외항,수출,3,신항2부두,컨테이너부두,아국선,적컨,0,711,3290,1,4002,7293.25
2024,04,2,신항,외항,수입,3,신항2부두,컨테이너부두,아국선,적컨,0,153,1046,5,1204,2256.25
2024,08,3,신항,외항,수출환적,3,신항2부두,컨테이너부두,아국선,적컨,0,71,302,0,373,675
2024,08,3,신항,외항,수입환적,3,신항2부두,컨테이너부두,아국선,적컨,0,82,835,0,917,1752
2024,08,3,신항,외항,수출,3,신항2부두,컨테이너부두,아국선,적컨,0,102,183,0,285,468
2024,08,3,신항,외항,수입,3,신항2부두,컨테이너부두,아국선,적컨,0,326,176,0,502,678
2024,10,4,신항,외항,수출환적,3,신항2부두,컨테이너부두,아국선,적컨,0,138,234,0,372,606
2024,10,4,신항,외항,수입환적,3,신항2부두,컨테이너부두,아국선,적컨,0,51,461,0,512,973
2024,10,4,신항,외항,수출,3,신항2부두,컨테이너부두,아국선,적컨,0,64,14,0,78,92
2024,10,4,신항,외항,수입,3,신항2부두,컨테이너부두,아국선,적컨,0,100,55,0,155,210
2024,02,1,신항,외항,수출환적,3,신항2부두,컨테이너부두,아국선,적컨,0,158,1951,18,2127,4100.5
2024,02,1,신항,외항,수입환적,3,신항2부두,컨테이너부두,아국선,적컨,0,248,2134,15,2397,4549.75
2024,02,1,신항,외항,수출,3,신항2부두,컨테이너부두,아국선,적컨,0,1300,4237,0,5537,9774
2024,02,1,신항,외항,수입,3,신항2부두,컨테이너부두,아국선,적컨,0,120,682,7,809,1499.75
2024,06,2,신항,외항,수출환적,3,신항2부두,컨테이너부두,아국선,적컨,0,110,987,4,1101,2093
2024,06,2,신항,외항,수입환적,3,신항2부두,컨테이너부두,아국선,적컨,0,150,675,1,826,1502.25
2024,06,2,신항,외항,수출,3,신항2부두,컨테이너부두,아국선,적컨,0,392,1149,0,1541,2690
2024,06,2,신항,외항,수입,3,신항2부두,컨테이너부두,아국선,적컨,0,336,474,0,810,1284
2024,11,4,신항,외항,수출환적,3,신항2부두,컨테이너부두,아국선,적컨,0,235,811,0,1046,1857
2024,11,4,신항,외항,수입환적,3,신항2부두,컨테이너부두,아국선,적컨,0,226,781,0,1007,1788
2024,11,4,신항,외항,수출,3,신항2부두,컨테이너부두,아국선,적컨,0,83,76,0,159,235
2024,11,4,신항,외항,수입,3,신항2부두,컨테이너부두,아국선,적컨,0,303,579,4,886,1470
2024,07,3,신항,외항,수입환적,3,신항2부두,컨테이너부두,아국선,적컨,0,49,446,0,495,941
2024,07,3,신항,외항,수출,3,신항2부두,컨테이너부두,아국선,적컨,0,59,74,0,133,207
2024,07,3,신항,외항,수입,3,신항2부두,컨테이너부두,아국선,적컨,0,47,63,0,110,173
2024,07,3,신항,외항,수출환적,3,신항2부두,컨테이너부두,아국선,적컨,0,25,122,0,147,269
2024,05,2,신항,외항,수출환적,3,신항2부두,컨테이너부두,아국선,적컨,0,9,230,13,252,498.25
2024,05,2,신항,외항,수입환적,3,신항2부두,컨테이너부두,아국선,적컨,0,56,186,1,243,430.25
2024,05,2,신항,외항,수출,3,신항2부두,컨테이너부두,아국선,적컨,0,244,704,0,948,1652
2024,05,2,신항,외항,수입,3,신항2부두,컨테이너부두,아국선,적컨,0,11,17,0,28,45
2024,12,4,신항,외항,수출환적,3,신항2부두,컨테이너부두,아국선,적컨,0,47,152,0,199,351
2024,12,4,신항,외항,수입환적,3,신항2부두,컨테이너부두,아국선,적컨,0,215,346,0,561,907
2024,09,3,신항,외항,수출환적,3,신항2부두,컨테이너부두,아국선,적컨,0,44,334,0,378,712
2024,09,3,신항,외항,수입환적,3,신항2부두,컨테이너부두,아국선,적컨,0,21,537,0,558,1095
2024,09,3,신항,외항,수출,3,신항2부두,컨테이너부두,아국선,적컨,0,27,24,0,51,75
2024,09,3,신항,외항,수입,3,신항2부두,컨테이너부두,아국선,적컨,0,36,48,0,84,132
2024,12,4,신항,외항,수출,3,신항2부두,컨테이너부두,아국선,적컨,0,46,26,0,72,98
2024,12,4,신항,외항,수입,3,신항2부두,컨테이너부두,아국선,적컨,0,64,86,0,150,236
2024,01,1,신항,외항,수출환적,3,신항2부두,컨테이너부두,아국선,적컨,0,12,733,14,759,1509.5
2024,01,1,신항,외항,수입환적,3,신항2부두,컨테이너부두,아국선,적컨,0,194,760,2,956,1718.5
2024,01,1,신항,외항,수출,3,신항2부두,컨테이너부두,아국선,적컨,0,742,2416,0,3158,5574
2024,01,1,신항,외항,수입,3,신항2부두,컨테이너부두,아국선,적컨,0,195,839,13,1047,1902.25
2024,03,1,신항,외항,수입,5,신항다목적부두,컨테이너부두,외국선,공컨,0,43,0,0,43,43
2024,04,2,신항,외항,수입환적,5,신항다목적부두,컨테이너부두,외국선,공컨,0,0,1,0,1,2
2024,04,2,신항,외항,수출,5,신항다목적부두,컨테이너부두,외국선,공컨,0,30,23,0,53,76
2024,05,2,감천,외항,수입환적,8,동양해운부두,일반부두,외국선,적컨,0,1,41,0,42,83
2024,09,3,감천,외항,수입환적,8,동양해운부두,일반부두,외국선,적컨,0,0,35,0,35,70
2024,12,4,감천,외항,수입환적,8,동양해운부두,일반부두,외국선,적컨,0,1,240,0,241,481
2024,01,1,감천,외항,수입환적,8,동양해운부두,일반부두,외국선,적컨,0,6,113,0,119,232
2024,03,1,감천,외항,수입환적,9,한일물류부두,일반부두,외국선,적컨,0,4,21,0,25,46
2024,08,3,감천,외항,수입환적,9,한일물류부두,일반부두,외국선,적컨,0,0,21,0,21,42
2024,02,1,감천,외항,수입환적,9,한일물류부두,일반부두,외국선,적컨,0,4,51,0,55,106
2024,06,2,감천,외항,수입환적,9,한일물류부두,일반부두,외국선,적컨,0,2,45,0,47,92
2024,05,2,감천,외항,수입환적,9,한일물류부두,일반부두,외국선,적컨,0,2,12,0,14,26
2024,09,3,감천,외항,수입환적,9,한일물류부두,일반부두,외국선,적컨,0,0,25,0,25,50
2024,03,1,감천,외항,수출환적,10,동성실업부두,일반부두,외국선,적컨,0,1,4,0,5,9
2024,03,1,감천,외항,수입환적,10,동성실업부두,일반부두,외국선,적컨,0,5,56,0,61,117
2024,04,2,감천,외항,수입환적,10,동성실업부두,일반부두,외국선,적컨,0,15,33,0,48,81
2024,08,3,감천,외항,수입환적,10,동성실업부두,일반부두,외국선,적컨,0,14,72,0,86,158
2024,02,1,감천,외항,수입환적,10,동성실업부두,일반부두,외국선,적컨,0,5,31,0,36,67
2024,02,1,감천,외항,수입,10,동성실업부두,일반부두,외국선,적컨,0,0,50,0,50,100
2024,06,2,감천,외항,수출환적,10,동성실업부두,일반부두,외국선,적컨,0,2,7,0,9,16
2024,06,2,감천,외항,수입환적,10,동성실업부두,일반부두,외국선,적컨,0,1,105,0,106,211
2024,11,4,감천,외항,수입환적,10,동성실업부두,일반부두,외국선,적컨,0,1,144,0,145,289
2024,11,4,감천,외항,수입,10,동성실업부두,일반부두,외국선,적컨,0,0,46,0,46,92
2024,07,3,감천,외항,수출환적,10,동성실업부두,일반부두,외국선,적컨,0,0,4,0,4,8
2024,07,3,감천,외항,수입환적,10,동성실업부두,일반부두,외국선,적컨,0,4,17,0,21,38
2024,05,2,감천,외항,수입환적,10,동성실업부두,일반부두,외국선,적컨,0,3,52,0,55,107
2024,09,3,감천,외항,수입환적,10,동성실업부두,일반부두,외국선,적컨,0,38,3,0,41,44
2024,12,4,감천,외항,수입환적,10,동성실업부두,일반부두,외국선,적컨,0,5,69,0,74,143
2024,01,1,감천,외항,수입환적,10,동성실업부두,일반부두,외국선,적컨,0,7,44,0,51,95
2024,06,2,감천,외항,수입환적,10,동성실업부두,일반부두,아국선,적컨,0,0,28,0,28,56
2024,03,1,감천,외항,수입,12,제일제당부두,일반부두,외국선,공컨,0,16,58,0,74,132
2024,08,3,감천,외항,수입,12,제일제당부두,일반부두,외국선,공컨,0,13,33,0,46,79
2024,10,4,감천,외항,수출,12,제일제당부두,일반부두,외국선,공컨,0,12,24,0,36,60
2024,10,4,감천,외항,수입,12,제일제당부두,일반부두,외국선,공컨,0,2,36,0,38,74
2024,11,4,감천,외항,수입,12,제일제당부두,일반부두,외국선,공컨,0,7,49,0,56,105
2024,07,3,감천,외항,수입,12,제일제당부두,일반부두,외국선,공컨,0,0,43,0,43,86
2024,05,2,감천,외항,수입,12,제일제당부두,일반부두,외국선,공컨,0,4,54,0,58,112
2024,03,1,감천,외항,수출환적,12,제일제당부두,일반부두,외국선,적컨,0,0,32,0,32,64
2024,03,1,감천,외항,수출,12,제일제당부두,일반부두,외국선,적컨,0,3,95,0,98,193
2024,04,2,감천,외항,수입환적,12,제일제당부두,일반부두,외국선,적컨,0,0,6,0,6,12
2024,04,2,감천,외항,수출,12,제일제당부두,일반부두,외국선,적컨,0,17,39,0,56,95
2024,04,2,감천,외항,수입,12,제일제당부두,일반부두,외국선,적컨,0,8,6,0,14,20
2024,08,3,감천,외항,수입환적,12,제일제당부두,일반부두,외국선,적컨,0,0,6,0,6,12
2024,08,3,감천,외항,수입,12,제일제당부두,일반부두,외국선,적컨,0,5,7,0,12,19
2024,10,4,감천,외항,수입환적,12,제일제당부두,일반부두,외국선,적컨,0,0,28,0,28,56
2024,10,4,감천,외항,수입,12,제일제당부두,일반부두,외국선,적컨,0,0,5,0,5,10
2024,02,1,감천,외항,수출,12,제일제당부두,일반부두,외국선,적컨,0,18,84,0,102,186
2024,06,2,감천,외항,수출환적,12,제일제당부두,일반부두,외국선,적컨,0,0,16,0,16,32
2024,06,2,감천,외항,수출,12,제일제당부두,일반부두,외국선,적컨,0,8,125,0,133,258
2024,11,4,감천,외항,수입환적,12,제일제당부두,일반부두,외국선,적컨,0,0,20,0,20,40
2024,11,4,감천,외항,수입,12,제일제당부두,일반부두,외국선,적컨,0,0,7,0,7,14
2024,07,3,감천,외항,수입환적,12,제일제당부두,일반부두,외국선,적컨,0,0,13,0,13,26
2024,07,3,감천,외항,수출,12,제일제당부두,일반부두,외국선,적컨,0,0,61,0,61,122
2024,07,3,감천,외항,수입,12,제일제당부두,일반부두,외국선,적컨,0,2,0,0,2,2
2024,05,2,감천,외항,수입환적,12,제일제당부두,일반부두,외국선,적컨,0,0,10,0,10,20
2024,05,2,감천,외항,수입,12,제일제당부두,일반부두,외국선,적컨,0,0,8,0,8,16
2024,12,4,감천,외항,수출환적,12,제일제당부두,일반부두,외국선,적컨,0,0,13,0,13,26
2024,12,4,감천,외항,수출,12,제일제당부두,일반부두,외국선,적컨,0,12,61,0,73,134
2024,10,4,감천,외항,수입,13,한진해운부두,컨테이너부두,외국선,공컨,0,26,42,0,68,110
2024,05,2,감천,외항,수입,13,한진해운부두,컨테이너부두,외국선,공컨,0,0,50,0,50,100
2024,09,3,감천,외항,수입,13,한진해운부두,컨테이너부두,외국선,공컨,0,0,17,0,17,34
2024,12,4,감천,외항,수입,13,한진해운부두,컨테이너부두,외국선,공컨,0,25,33,0,58,91
2024,03,1,감천,외항,수입환적,13,한진해운부두,컨테이너부두,외국선,적컨,0,0,55,0,55,110
2024,03,1,감천,외항,수입,13,한진해운부두,컨테이너부두,외국선,적컨,0,5,17,0,22,39
2024,04,2,감천,외항,수출,13,한진해운부두,컨테이너부두,외국선,적컨,0,0,36,0,36,72
2024,08,3,감천,외항,수출,13,한진해운부두,컨테이너부두,외국선,적컨,0,1,41,0,42,83
2024,10,4,감천,외항,수입환적,13,한진해운부두,컨테이너부두,외국선,적컨,0,1,0,0,1,1
2024,05,2,감천,외항,수입환적,13,한진해운부두,컨테이너부두,외국선,적컨,0,0,9,0,9,18
2024,05,2,감천,외항,수입,13,한진해운부두,컨테이너부두,외국선,적컨,0,0,12,0,12,24
2024,09,3,감천,외항,수입,13,한진해운부두,컨테이너부두,외국선,적컨,0,3,0,0,3,3
2024,12,4,감천,외항,수입환적,13,한진해운부두,컨테이너부두,외국선,적컨,0,1,0,0,1,1
2024,01,1,감천,외항,수출환적,13,한진해운부두,컨테이너부두,외국선,적컨,0,0,16,0,16,32
2024,01,1,감천,외항,수출,13,한진해운부두,컨테이너부두,외국선,적컨,0,8,73,0,81,154
2024,07,3,감천,외항,수출환적,15,감천항조선소,일반부두,외국선,적컨,0,0,1,0,1,2
2024,01,1,감천,외항,수입환적,27,기타,일반부두,외국선,적컨,0,1,3,0,4,7
2024,03,1,북항,외항,수출환적,8,자성대 부두,컨테이너부두,외국선,공컨,0,92,53,20,165,243
2024,03,1,북항,외항,수입환적,8,자성대 부두,컨테이너부두,외국선,공컨,0,222,207,0,429,636
2024,04,2,북항,외항,수출환적,8,자성대 부두,컨테이너부두,외국선,공컨,0,24,20,0,44,64
2024,04,2,북항,외항,수입환적,8,자성대 부두,컨테이너부두,외국선,공컨,0,67,59,0,126,185
2024,04,2,북항,외항,수출,8,자성대 부두,컨테이너부두,외국선,공컨,0,4503,3930,37,8470,12446.25
2024,04,2,북항,외항,수입,8,자성대 부두,컨테이너부두,외국선,공컨,0,2802,1778,91,4671,6562.75
2024,04,2,신항,외항,수입,5,신항다목적부두,컨테이너부두,외국선,공컨,0,11,76,0,87,163
2024,08,3,신항,외항,수출,5,신항다목적부두,컨테이너부두,외국선,공컨,0,434,0,0,434,434
2024,08,3,신항,외항,수입,5,신항다목적부두,컨테이너부두,외국선,공컨,0,74,59,0,133,192
2024,10,4,신항,외항,수출,5,신항다목적부두,컨테이너부두,외국선,공컨,0,319,0,0,319,319
2024,10,4,신항,외항,수입,5,신항다목적부두,컨테이너부두,외국선,공컨,0,0,3,0,3,6
2024,02,1,신항,외항,수입환적,5,신항다목적부두,컨테이너부두,외국선,공컨,0,70,16,0,86,102
2024,02,1,신항,외항,수입,5,신항다목적부두,컨테이너부두,외국선,공컨,0,13,13,0,26,39
2024,06,2,신항,외항,수입환적,5,신항다목적부두,컨테이너부두,외국선,공컨,0,0,42,0,42,84
2024,06,2,신항,외항,수출,5,신항다목적부두,컨테이너부두,외국선,공컨,0,403,68,0,471,539
2024,06,2,신항,외항,수입,5,신항다목적부두,컨테이너부두,외국선,공컨,0,47,104,0,151,255
2024,11,4,신항,외항,수입환적,5,신항다목적부두,컨테이너부두,외국선,공컨,0,70,0,0,70,70
2024,11,4,신항,외항,수출,5,신항다목적부두,컨테이너부두,외국선,공컨,0,35,4,0,39,43
2024,11,4,신항,외항,수입,5,신항다목적부두,컨테이너부두,외국선,공컨,0,29,69,0,98,167
2024,07,3,신항,외항,수입환적,5,신항다목적부두,컨테이너부두,외국선,공컨,0,47,0,0,47,47
2024,07,3,신항,외항,수출,5,신항다목적부두,컨테이너부두,외국선,공컨,0,415,1,0,416,417
2024,07,3,신항,외항,수입,5,신항다목적부두,컨테이너부두,외국선,공컨,0,38,17,0,55,72
2024,05,2,신항,외항,수출,5,신항다목적부두,컨테이너부두,외국선,공컨,0,152,0,0,152,152
2024,05,2,신항,외항,수입,5,신항다목적부두,컨테이너부두,외국선,공컨,0,32,0,0,32,32
2024,12,4,신항,외항,수입환적,5,신항다목적부두,컨테이너부두,외국선,공컨,0,1,0,0,1,1
2024,09,3,신항,외항,수입환적,5,신항다목적부두,컨테이너부두,외국선,공컨,0,40,0,0,40,40
2024,09,3,신항,외항,수출,5,신항다목적부두,컨테이너부두,외국선,공컨,0,0,1,0,1,2
2024,09,3,신항,외항,수입,5,신항다목적부두,컨테이너부두,외국선,공컨,0,0,32,0,32,64
2024,12,4,신항,외항,수출,5,신항다목적부두,컨테이너부두,외국선,공컨,0,0,95,0,95,190
2024,12,4,신항,외항,수입,5,신항다목적부두,컨테이너부두,외국선,공컨,0,75,26,0,101,127
2024,01,1,신항,외항,수입환적,5,신항다목적부두,컨테이너부두,외국선,공컨,0,71,8,0,79,87
2024,01,1,신항,외항,수출,5,신항다목적부두,컨테이너부두,외국선,공컨,0,1,0,0,1,1
2024,01,1,신항,외항,수입,5,신항다목적부두,컨테이너부두,외국선,공컨,0,13,2,0,15,17
2024,03,1,신항,외항,수출환적,5,신항다목적부두,컨테이너부두,외국선,적컨,0,65,0,0,65,65
2024,03,1,신항,외항,수입환적,5,신항다목적부두,컨테이너부두,외국선,적컨,0,2,0,0,2,2
2024,03,1,신항,외항,수출,5,신항다목적부두,컨테이너부두,외국선,적컨,0,45,0,0,45,45
2024,03,1,신항,외항,수입,5,신항다목적부두,컨테이너부두,외국선,적컨,0,10,0,0,10,10
2024,04,2,신항,외항,수출환적,5,신항다목적부두,컨테이너부두,외국선,적컨,0,342,165,0,507,672
2024,04,2,신항,외항,수입환적,5,신항다목적부두,컨테이너부두,외국선,적컨,0,83,162,0,245,407
2024,04,2,신항,외항,수출,5,신항다목적부두,컨테이너부두,외국선,적컨,0,62,24,0,86,110
2024,04,2,신항,외항,수입,5,신항다목적부두,컨테이너부두,외국선,적컨,0,45,0,0,45,45
2024,08,3,신항,외항,수출환적,5,신항다목적부두,컨테이너부두,외국선,적컨,0,122,103,0,225,328
2024,08,3,신항,외항,수입환적,5,신항다목적부두,컨테이너부두,외국선,적컨,0,13,24,0,37,61
2024,08,3,신항,외항,수출,5,신항다목적부두,컨테이너부두,외국선,적컨,0,65,4,0,69,73
2024,08,3,신항,외항,수입,5,신항다목적부두,컨테이너부두,외국선,적컨,0,454,1,0,455,456
2024,10,4,신항,외항,수출환적,5,신항다목적부두,컨테이너부두,외국선,적컨,0,86,215,0,301,516
2024,10,4,신항,외항,수입환적,5,신항다목적부두,컨테이너부두,외국선,적컨,0,6,9,0,15,24
2024,10,4,신항,외항,수출,5,신항다목적부두,컨테이너부두,외국선,적컨,0,35,8,0,43,51
2024,10,4,신항,외항,수입,5,신항다목적부두,컨테이너부두,외국선,적컨,0,0,4,0,4,8
2024,02,1,신항,외항,수출환적,5,신항다목적부두,컨테이너부두,외국선,적컨,0,57,49,0,106,155
2024,02,1,신항,외항,수입환적,5,신항다목적부두,컨테이너부두,외국선,적컨,0,58,14,0,72,86
2024,02,1,신항,외항,수출,5,신항다목적부두,컨테이너부두,외국선,적컨,0,48,0,0,48,48
2024,06,2,신항,외항,수출환적,5,신항다목적부두,컨테이너부두,외국선,적컨,0,5,41,0,46,87
2024,06,2,신항,외항,수입환적,5,신항다목적부두,컨테이너부두,외국선,적컨,0,152,145,0,297,442
2024,06,2,신항,외항,수출,5,신항다목적부두,컨테이너부두,외국선,적컨,0,30,8,0,38,46
2024,06,2,신항,외항,수입,5,신항다목적부두,컨테이너부두,외국선,적컨,0,479,101,0,580,681
2024,07,3,신항,외항,수출환적,5,신항다목적부두,컨테이너부두,외국선,적컨,0,62,65,0,127,192
2024,11,4,신항,외항,수출환적,5,신항다목적부두,컨테이너부두,외국선,적컨,0,179,140,0,319,459
2024,11,4,신항,외항,수입환적,5,신항다목적부두,컨테이너부두,외국선,적컨,0,71,52,0,123,175
2024,11,4,신항,외항,수출,5,신항다목적부두,컨테이너부두,외국선,적컨,0,70,10,0,80,90
2024,11,4,신항,외항,수입,5,신항다목적부두,컨테이너부두,외국선,적컨,0,16,1,0,17,18
2024,07,3,신항,외항,수입환적,5,신항다목적부두,컨테이너부두,외국선,적컨,0,40,57,0,97,154
2024,07,3,신항,외항,수출,5,신항다목적부두,컨테이너부두,외국선,적컨,0,93,186,0,279,465
2024,07,3,신항,외항,수입,5,신항다목적부두,컨테이너부두,외국선,적컨,0,261,2,0,263,265
2024,05,2,신항,외항,수출환적,5,신항다목적부두,컨테이너부두,외국선,적컨,0,140,6,0,146,152
2024,05,2,신항,외항,수입환적,5,신항다목적부두,컨테이너부두,외국선,적컨,0,3,18,0,21,39
2024,05,2,신항,외항,수출,5,신항다목적부두,컨테이너부두,외국선,적컨,0,53,13,0,66,79
2024,05,2,신항,외항,수입,5,신항다목적부두,컨테이너부두,외국선,적컨,0,112,0,0,112,112
2024,12,4,신항,외항,수출환적,5,신항다목적부두,컨테이너부두,외국선,적컨,0,6,48,0,54,102
2024,12,4,신항,외항,수입환적,5,신항다목적부두,컨테이너부두,외국선,적컨,0,4,6,0,10,16
2024,09,3,신항,외항,수출환적,5,신항다목적부두,컨테이너부두,외국선,적컨,0,143,118,0,261,379
2024,09,3,신항,외항,수입환적,5,신항다목적부두,컨테이너부두,외국선,적컨,0,3,55,0,58,113
2024,09,3,신항,외항,수출,5,신항다목적부두,컨테이너부두,외국선,적컨,0,62,1,0,63,64
2024,09,3,신항,외항,수입,5,신항다목적부두,컨테이너부두,외국선,적컨,0,123,0,0,123,123
2024,12,4,신항,외항,수출,5,신항다목적부두,컨테이너부두,외국선,적컨,0,55,15,0,70,85
2024,12,4,신항,외항,수입,5,신항다목적부두,컨테이너부두,외국선,적컨,0,65,6,0,71,77
2024,01,1,신항,외항,수출환적,5,신항다목적부두,컨테이너부두,외국선,적컨,0,9,51,0,60,111
2024,01,1,신항,외항,수입환적,5,신항다목적부두,컨테이너부두,외국선,적컨,0,40,1,0,41,42
2024,01,1,신항,외항,수출,5,신항다목적부두,컨테이너부두,외국선,적컨,0,75,0,0,75,75
2024,01,1,신항,외항,수입,5,신항다목적부두,컨테이너부두,외국선,적컨,0,43,5,0,48,53
2024,03,1,신항,외항,수출,5,신항다목적부두,컨테이너부두,아국선,공컨,0,482,75,0,557,632
2024,03,1,북항,외항,수출,8,자성대 부두,컨테이너부두,외국선,공컨,0,2142,2374,0,4516,6890
2024,03,1,북항,외항,수입,8,자성대 부두,컨테이너부두,외국선,공컨,0,3169,1735,25,4929,6695.25
2024,08,3,북항,외항,수출환적,8,자성대 부두,컨테이너부두,외국선,공컨,0,18,34,0,52,86
2024,08,3,북항,외항,수입환적,8,자성대 부두,컨테이너부두,외국선,공컨,0,77,70,0,147,217
2024,08,3,북항,외항,수출,8,자성대 부두,컨테이너부두,외국선,공컨,0,3651,2872,15,6538,9428.75
2024,08,3,북항,외항,수입,8,자성대 부두,컨테이너부두,외국선,공컨,0,2441,2267,18,4726,7015.5
2024,10,4,북항,외항,수출환적,8,자성대 부두,컨테이너부두,외국선,공컨,0,19,5,0,24,29
2024,10,4,북항,외항,수입환적,8,자성대 부두,컨테이너부두,외국선,공컨,0,40,6,0,46,52
2024,10,4,북항,외항,수출,8,자성대 부두,컨테이너부두,외국선,공컨,0,1714,1420,0,3134,4554
2024,10,4,북항,외항,수입,8,자성대 부두,컨테이너부두,외국선,공컨,0,1503,767,0,2270,3037
2024,02,1,북항,외항,수출환적,8,자성대 부두,컨테이너부두,외국선,공컨,0,55,60,0,115,175
2024,02,1,북항,외항,수입환적,8,자성대 부두,컨테이너부두,외국선,공컨,0,100,191,0,291,482
2024,02,1,북항,외항,수출,8,자성대 부두,컨테이너부두,외국선,공컨,0,1517,2351,50,3918,6331.5
2024,02,1,북항,외항,수입,8,자성대 부두,컨테이너부두,외국선,공컨,0,2201,1628,52,3881,5574
2024,06,2,북항,외항,수출환적,8,자성대 부두,컨테이너부두,외국선,공컨,0,44,7,0,51,58
2024,06,2,북항,외항,수입환적,8,자성대 부두,컨테이너부두,외국선,공컨,0,88,16,0,104,120
2024,06,2,북항,외항,수출,8,자성대 부두,컨테이너부두,외국선,공컨,0,2699,4043,25,6767,10841.25
2024,06,2,북항,외항,수입,8,자성대 부두,컨테이너부두,외국선,공컨,0,3164,1669,71,4904,6661.75
2024,11,4,북항,외항,수출환적,8,자성대 부두,컨테이너부두,외국선,공컨,0,13,5,0,18,23
2024,11,4,북항,외항,수입환적,8,자성대 부두,컨테이너부두,외국선,공컨,0,32,15,0,47,62
2024,07,3,북항,외항,수출환적,8,자성대 부두,컨테이너부두,외국선,공컨,0,28,14,0,42,56
2024,07,3,북항,외항,수입환적,8,자성대 부두,컨테이너부두,외국선,공컨,0,53,119,0,172,291
2024,07,3,북항,외항,수출,8,자성대 부두,컨테이너부두,외국선,공컨,0,3475,3535,0,7010,10545
2024,07,3,북항,외항,수입,8,자성대 부두,컨테이너부두,외국선,공컨,0,3442,2079,8,5529,7618
2024,11,4,북항,외항,수출,8,자성대 부두,컨테이너부두,외국선,공컨,0,2316,1929,0,4245,6174
2024,11,4,북항,외항,수입,8,자성대 부두,컨테이너부두,외국선,공컨,0,1628,999,1,2628,3628.25
2024,05,2,북항,외항,수출환적,8,자성대 부두,컨테이너부두,외국선,공컨,0,34,23,0,57,80
2024,09,3,북항,외항,수입환적,8,자성대 부두,컨테이너부두,외국선,공컨,0,38,61,0,99,160
2024,09,3,북항,외항,수출,8,자성대 부두,컨테이너부두,외국선,공컨,0,2336,2136,20,4492,6653
2024,09,3,북항,외항,수입,8,자성대 부두,컨테이너부두,외국선,공컨,0,2061,1163,22,3246,4436.5
2024,09,3,북항,외항,수출환적,8,자성대 부두,컨테이너부두,외국선,공컨,0,15,4,0,19,23
2024,12,4,북항,외항,수출환적,8,자성대 부두,컨테이너부두,외국선,공컨,0,0,1,0,1,2
2024,12,4,북항,외항,수입환적,8,자성대 부두,컨테이너부두,외국선,공컨,0,3,8,0,11,19
2024,12,4,북항,외항,수출,8,자성대 부두,컨테이너부두,외국선,공컨,0,1097,826,0,1923,2749
2024,12,4,북항,외항,수입,8,자성대 부두,컨테이너부두,외국선,공컨,0,344,163,0,507,670
2024,01,1,북항,외항,수출환적,8,자성대 부두,컨테이너부두,외국선,공컨,0,171,242,0,413,655
2024,01,1,북항,외항,수입환적,8,자성대 부두,컨테이너부두,외국선,공컨,0,220,383,0,603,986
2024,01,1,북항,외항,수출,8,자성대 부두,컨테이너부두,외국선,공컨,0,2625,3361,53,6039,9466.25
2024,01,1,북항,외항,수입,8,자성대 부두,컨테이너부두,외국선,공컨,0,3939,1794,26,5759,7585.5
2024,05,2,북항,외항,수입환적,8,자성대 부두,컨테이너부두,외국선,공컨,0,100,33,0,133,166
2024,05,2,북항,외항,수출,8,자성대 부두,컨테이너부두,외국선,공컨,0,3371,3566,40,6977,10593
2024,05,2,북항,외항,수입,8,자성대 부두,컨테이너부두,외국선,공컨,0,1988,1586,6,3580,5173.5
2024,03,1,북항,외항,수출환적,8,자성대 부두,컨테이너부두,외국선,적컨,0,6973,6613,0,13586,20199
2024,03,1,북항,외항,수입환적,8,자성대 부두,컨테이너부두,외국선,적컨,0,8919,6827,0,15746,22573
2024,04,2,북항,외항,수출환적,8,자성대 부두,컨테이너부두,외국선,적컨,0,6058,5869,0,11927,17796
2024,04,2,북항,외항,수입환적,8,자성대 부두,컨테이너부두,외국선,적컨,0,8100,6323,0,14423,20746
2024,04,2,북항,외항,수출,8,자성대 부두,컨테이너부두,외국선,적컨,0,8108,5539,5,13652,19197.25
2024,04,2,북항,외항,수입,8,자성대 부두,컨테이너부두,외국선,적컨,0,8188,8316,1,16505,24822.25
2024,03,1,북항,외항,수출,8,자성대 부두,컨테이너부두,외국선,적컨,0,8237,5459,10,13706,19177.5
2024,03,1,북항,외항,수입,8,자성대 부두,컨테이너부두,외국선,적컨,0,7900,8494,0,16394,24888
2024,08,3,북항,외항,수출환적,8,자성대 부두,컨테이너부두,외국선,적컨,0,6625,4976,0,11601,16577
2024,08,3,북항,외항,수입환적,8,자성대 부두,컨테이너부두,외국선,적컨,0,8546,6104,0,14650,20754
2024,08,3,북항,외항,수출,8,자성대 부두,컨테이너부두,외국선,적컨,0,7587,5765,1,13353,19119.25
2024,08,3,북항,외항,수입,8,자성대 부두,컨테이너부두,외국선,적컨,0,7291,7661,1,14953,22615.25
2024,10,4,북항,외항,수출환적,8,자성대 부두,컨테이너부두,외국선,적컨,0,1786,1714,0,3500,5214
2024,10,4,북항,외항,수입환적,8,자성대 부두,컨테이너부두,외국선,적컨,0,2754,1864,0,4618,6482
2024,10,4,북항,외항,수출,8,자성대 부두,컨테이너부두,외국선,적컨,0,2624,1745,0,4369,6114
2024,10,4,북항,외항,수입,8,자성대 부두,컨테이너부두,외국선,적컨,0,4015,3920,0,7935,11855
2024,02,1,북항,외항,수출환적,8,자성대 부두,컨테이너부두,외국선,적컨,0,6264,5602,0,11866,17468
2024,02,1,북항,외항,수입환적,8,자성대 부두,컨테이너부두,외국선,적컨,0,7707,6240,2,13949,20191.5
2024,02,1,북항,외항,수출,8,자성대 부두,컨테이너부두,외국선,적컨,0,6662,5348,6,12016,17371.5
2024,02,1,북항,외항,수입,8,자성대 부두,컨테이너부두,외국선,적컨,0,5228,5719,1,10948,16668.25
2024,06,2,북항,외항,수출환적,8,자성대 부두,컨테이너부두,외국선,적컨,0,6317,5665,0,11982,17647
2024,06,2,북항,외항,수입환적,8,자성대 부두,컨테이너부두,외국선,적컨,0,9291,6775,0,16066,22841
2024,06,2,북항,외항,수출,8,자성대 부두,컨테이너부두,외국선,적컨,0,7730,5354,9,13093,18458.25
2024,06,2,북항,외항,수입,8,자성대 부두,컨테이너부두,외국선,적컨,0,7885,8154,3,16042,24199.75
2024,11,4,북항,외항,수출환적,8,자성대 부두,컨테이너부두,외국선,적컨,0,2069,1556,0,3625,5181
2024,11,4,북항,외항,수입환적,8,자성대 부두,컨테이너부두,외국선,적컨,0,3128,2159,0,5287,7446
2024,07,3,북항,외항,수출환적,8,자성대 부두,컨테이너부두,외국선,적컨,0,6392,5505,0,11897,17402
2024,07,3,북항,외항,수입환적,8,자성대 부두,컨테이너부두,외국선,적컨,0,8769,6434,0,15203,21637
2024,07,3,북항,외항,수출,8,자성대 부두,컨테이너부두,외국선,적컨,0,7719,6438,2,14159,20599.5
2024,07,3,북항,외항,수입,8,자성대 부두,컨테이너부두,외국선,적컨,0,7818,7253,0,15071,22324
2024,11,4,북항,외항,수출,8,자성대 부두,컨테이너부두,외국선,적컨,0,2519,2018,3,4540,6561.75
2024,11,4,북항,외항,수입,8,자성대 부두,컨테이너부두,외국선,적컨,0,4651,3613,0,8264,11877
